{"gestureName":"MyDynamicGesture","Palm_Movement_List":[0.16028934717178346,0.0,0.003936788998544216,0.004218618385493755,0.0,0.004130587447434664,0.0,0.0,0.003690495388582349,0.0,0.0032989534083753826,0.0,0.0033826029393821956,0.0,0.0030565005727112295,0.0028309377375990154,0.0,0.0022045893128961326,0.0,0.0021573195699602367,0.008414079435169697,0.0007493568700738251,0.0,0.0004829430836252868,0.0,0.0008222342003136873,0.0,0.0007216207450255752,0.0,0.0026423425879329445,0.008787309750914574,0.0,0.0016876761801540852,0.0,0.0017010885057970882,0.0,0.0016244773287326098,0.0,0.0016806380590423942,0.011091633699834347,0.0,0.002067569410428405,0.0023569490294903518,0.0,0.0024607107043266298,0.0,0.002509193727746606,0.0,0.002627343637868762,0.0,0.012896139174699784,0.012455466203391552,0.004517470486462116,0.0,0.004892310127615929,0.005273988004773855,0.0,0.0053874109871685509,0.0,0.005489099770784378,0.0,0.00562473526224494,0.03450331464409828,0.006483931094408035,0.0,0.005415170919150114,0.0,0.004597837571054697,0.004336833488196135,0.0,0.005233318079262972,0.0,0.005251371767371893,0.0,0.027290426194667817,0.01229152549058199,0.0025495521258562805],"Finger_Extension_List":[5.0,5.0,5.0,5.0,5.0,5.0,5.0,5.0,5.0,5.0,5.0,5.0,5.0,5.0,5.0,5.0,5.0,5.0,5.0,5.0,5.0,5.0,5.0,5.0,5.0,5.0,5.0,5.0,5.0,5.0,5.0,5.0,5.0,5.0,5.0,5.0,5.0,5.0,5.0,5.0,5.0,5.0,5.0,5.0,5.0,5.0,5.0,5.0,5.0,5.0,5.0,5.0,5.0,5.0,5.0,5.0,5.0,5.0,5.0,5.0,5.0,5.0,5.0,5.0,5.0,5.0,5.0,5.0,5.0,5.0,5.0,5.0,5.0,5.0,5.0,5.0,5.0],"Movement_Rate_List":[0.48907989263534548,0.48907989263534548,0.46141523122787478,0.4879833161830902,0.4879833161830902,0.4716896116733551,0.4716896116733551,0.4716896116733551,0.4312845468521118,0.4312845468521118,0.37676453590393069,0.37676453590393069,0.38988032937049868,0.38988032937049868,0.3493541479110718,0.3319582939147949,0.3319582939147949,0.25325560569763186,0.25325560569763186,0.24280492961406709,0.1286955177783966,0.08722592890262604,0.08722592890262604,0.0556061752140522,0.0556061752140522,0.09482588618993759,0.09482588618993759,0.08340510725975037,0.08340510725975037,0.1295143961906433,0.19324424862861634,0.19324424862861634,0.19492657482624055,0.19492657482624055,0.19591024518013,0.19591024518013,0.1853160560131073,0.1853160560131073,0.19624391198158265,0.20868967473506928,0.20868967473506928,0.24555473029613496,0.2591196894645691,0.2591196894645691,0.29686424136161806,0.29686424136161806,0.28981223702430727,0.28981223702430727,0.3031432628631592,0.3031432628631592,0.41780465841293337,0.5245291590690613,0.5184156894683838,0.5184156894683838,0.5610445141792297,0.6069729328155518,0.6069729328155518,0.6134606599807739,0.6134606599807739,0.6420751214027405,0.6420751214027405,0.6541149616241455,0.738959550857544,0.753682553768158,0.753682553768158,0.6224334239959717,0.6224334239959717,0.5164950489997864,0.5171515941619873,0.5171515941619873,0.5898692607879639,0.5898692607879639,0.6193382143974304,0.6193382143974304,0.43706002831459048,0.32056090235710146,0.29087892174720766],"Palm_Movement_Direction_List":[{"x":0.4764605164527893,"y":0.879082202911377,"z":-0.014139771461486817},{"x":0.0,"y":0.0,"z":0.0},{"x":0.8881238698959351,"y":-0.1819538027048111,"z":-0.42205315828323367},{"x":0.8429542779922485,"y":-0.19252459704875947,"z":-0.5023566484451294},{"x":0.0,"y":0.0,"z":0.0},{"x":0.894070565700531,"y":-0.1210213452577591,"z":-0.4312674105167389},{"x":0.0,"y":0.0,"z":0.0},{"x":0.0,"y":0.0,"z":0.0},{"x":0.8707893490791321,"y":-0.18618299067020417,"z":-0.45504042506217959},{"x":0.0,"y":0.0,"z":0.0},{"x":0.9039676189422607,"y":-0.14215248823165894,"z":-0.40328049659729006},{"x":0.0,"y":0.0,"z":0.0},{"x":0.8633313775062561,"y":-0.17645609378814698,"z":-0.47278138995170596},{"x":0.0,"y":0.0,"z":0.0},{"x":0.916198194026947,"y":-0.08219647407531738,"z":-0.39220479130744936},{"x":0.8914548754692078,"y":-0.11043208837509155,"z":-0.43944621086120608},{"x":0.0,"y":0.0,"z":0.0},{"x":0.9342876076698303,"y":-0.13191843032836915,"z":-0.33121633529663088},{"x":0.0,"y":0.0,"z":0.0},{"x":0.9073027968406677,"y":-0.08629236370325089,"z":-0.4115279018878937},{"x":0.9457233548164368,"y":0.22118470072746278,"z":-0.23808559775352479},{"x":0.5889518857002258,"y":0.8051544427871704,"z":0.06972768902778626},{"x":0.0,"y":0.0,"z":0.0},{"x":0.3252260982990265,"y":0.8078739047050476,"z":0.49149543046951296},{"x":0.0,"y":0.0,"z":0.0},{"x":-0.19297125935554505,"y":0.29565486311912539,"z":0.9356015920639038},{"x":0.0,"y":0.0,"z":0.0},{"x":-0.3460455536842346,"y":0.4829109311103821,"z":0.8043938279151917},{"x":0.0,"y":0.0,"z":0.0},{"x":-0.735822856426239,"y":0.40725311636924746,"z":0.5410264730453491},{"x":-0.9451050758361816,"y":0.18636901676654817,"z":0.2684083580970764},{"x":0.0,"y":0.0,"z":0.0},{"x":-0.9859300851821899,"y":0.09753833711147309,"z":0.13575030863285066},{"x":0.0,"y":0.0,"z":0.0},{"x":-0.9844810366630554,"y":0.11625979840755463,"z":0.1314563751220703},{"x":0.0,"y":0.0,"z":0.0},{"x":-0.9805871248245239,"y":0.15555396676063538,"z":0.11938122659921646},{"x":0.0,"y":0.0,"z":0.0},{"x":-0.986609935760498,"y":0.10566055029630661,"z":0.12424445897340775},{"x":-0.9912830591201782,"y":0.020612699910998346,"z":0.1301269829273224},{"x":0.0,"y":0.0,"z":0.0},{"x":-0.9995154142379761,"y":0.016237575560808183,"z":0.026558130979537965},{"x":-0.9984183311462402,"y":-0.02994205616414547,"z":0.04758382961153984},{"x":0.0,"y":0.0,"z":0.0},{"x":-0.9554547667503357,"y":0.028842980042099954,"z":0.2937246859073639},{"x":0.0,"y":0.0,"z":0.0},{"x":-0.9916939735412598,"y":0.08832517266273499,"z":0.09349660575389862},{"x":0.0,"y":0.0,"z":0.0},{"x":-0.9800273180007935,"y":0.14498232305049897,"z":0.13611234724521638},{"x":0.0,"y":0.0,"z":0.0},{"x":-0.9745567440986633,"y":0.12034036964178086,"z":0.18909604847431184},{"x":-0.9778304100036621,"y":0.10429824143648148,"z":0.18157526850700379},{"x":-0.9917269945144653,"y":0.09994646161794663,"z":0.08054977655410767},{"x":0.0,"y":0.0,"z":0.0},{"x":-0.9978287220001221,"y":0.029489757493138315,"z":0.058891091495752338},{"x":-0.9933586120605469,"y":-0.014307859353721142,"z":0.11416616290807724},{"x":0.0,"y":0.0,"z":0.0},{"x":-0.9986653327941895,"y":-0.014944279566407204,"z":0.04943814128637314},{"x":0.0,"y":0.0,"z":0.0},{"x":-0.999102771282196,"y":-0.016000336036086084,"z":0.03921205550432205},{"x":0.0,"y":0.0,"z":0.0},{"x":-0.9994543194770813,"y":-0.032185375690460208,"z":0.007421582937240601},{"x":-0.9839928150177002,"y":0.17745578289031983,"z":0.01635599695146084},{"x":-0.872812807559967,"y":0.44594335556030276,"z":0.1983238309621811},{"x":0.0,"y":0.0,"z":0.0},{"x":-0.9460201859474182,"y":0.3239544928073883,"z":0.009964299388229847},{"x":0.0,"y":0.0,"z":0.0},{"x":-0.9938924312591553,"y":0.02953438088297844,"z":0.10632793605327606},{"x":-0.9998085498809815,"y":0.003989142831414938,"z":0.019157839938998224},{"x":0.0,"y":0.0,"z":0.0},{"x":-0.9881214499473572,"y":0.03085688315331936,"z":0.15054559707641602},{"x":0.0,"y":0.0,"z":0.0},{"x":-0.9926660060882568,"y":0.08451433479785919,"z":0.08643785864114762},{"x":0.0,"y":0.0,"z":0.0},{"x":-0.9794469475746155,"y":0.05147399753332138,"z":-0.19502346217632295},{"x":-0.7604716420173645,"y":-0.048624612390995029,"z":-0.6475480198860169},{"x":-0.47294658422470095,"y":-0.03358902782201767,"z":-0.8804506063461304}],"Palm_Rotation_Quaternion_List":[{"x":0.07529117166996002,"y":0.15039561688899995,"z":0.7360833287239075,"w":0.6556628942489624},{"x":0.07529117166996002,"y":0.15039561688899995,"z":0.7360833287239075,"w":0.6556628942489624},{"x":0.07928267866373062,"y":0.15604795515537263,"z":0.732567310333252,"w":0.6578057408332825},{"x":0.08321592956781388,"y":0.16026091575622559,"z":0.7287492752075195,"w":0.6605421900749207},{"x":0.08321592956781388,"y":0.16026091575622559,"z":0.7287492752075195,"w":0.6605421900749207},{"x":0.0870642364025116,"y":0.16391326487064362,"z":0.7247774600982666,"w":0.6635133028030396},{"x":0.0870642364025116,"y":0.16391326487064362,"z":0.7247774600982666,"w":0.6635133028030396},{"x":0.0870642364025116,