{"gestureName":"MyDynamicGesture","Palm_Movement_List":[0.14340642094612122,0.02791150100529194,0.013635444454848767,0.02229343168437481,0.00920640118420124,0.008213942870497704,0.012583230622112751,0.005306989885866642,0.009065963327884674,0.0031612305901944639,0.0051993392407894138,0.0017351196147501469,0.0014490343164652587,0.003454860532656312,0.0018363830167800189,0.0018467538757249714,0.0019137375056743622,0.0016257549868896604,0.0017615521792322398,0.0016182799590751529,0.001249449560418725,0.0009838590631261469,0.0018498817225918174,0.0009807903552427888,0.0008200036827474833,0.0007989357109181583,0.0007572931353934109,0.0007119059446267784,0.000730835017748177,0.001308182836510241,0.0012639377964660526,0.0006126387161202729,0.0006572696147486568,0.0006108577363193035,0.0011051124893128873,0.0006291925092227757,0.0005822402308695018,0.0005462991539388895,0.0012588606914505363,0.00036313527380116284,0.00028524582739919424,0.00047995374188758433,0.00022500536579173058,0.00016427687660325319,0.00014359319175127894,0.00010021762136602774,0.00010027632379205897,0.00009326024155598134,0.00009278954530600458,0.00011246251233387738,0.00011470072786323726,0.0002772430598270148,0.00017476858920417726,0.00019326327310409397,0.00020509072055574507,0.00019677684758789837,0.00036335299955680966,0.00014706153888255358,0.00015957180585246533,0.00013474596198648214,0.0000965654180618003,0.0001382583286613226,0.00011067800369346514,0.0001499130012234673,0.00014177199045661837,0.00012023509771097451],"Finger_Extension_List":[5.0,5.0,5.0,5.0,5.0,5.0,5.0,5.0,5.0,5.0,5.0,5.0,5.0,5.0,5.0,5.0,5.0,5.0,5.0,5.0,5.0,5.0,5.0,5.0,5.0,5.0,5.0,5.0,5.0,5.0,5.0,5.0,5.0,5.0,5.0,5.0,5.0,5.0,5.0,5.0,5.0,5.0,5.0,5.0,5.0,5.0,5.0,5.0,5.0,5.0,5.0,5.0,5.0,5.0,5.0,5.0,5.0,5.0,5.0,5.0,5.0,5.0,5.0,5.0,5.0,5.0],"Palm_Angle_List":[148.7088165283203,83.46427154541016,84.18647003173828,81.71882629394531,86.6122055053711,87.5528793334961,91.03361511230469,99.88450622558594,102.84403991699219,101.63019561767578,108.00505065917969,111.08169555664063,109.66923522949219,103.10304260253906,94.63426971435547,90.83750915527344,94.87649536132813,107.31905364990235,115.09087371826172,121.82986450195313,121.6716079711914,132.7508544921875,140.47776794433595,150.1141357421875,134.10037231445313,134.63243103027345,131.49237060546876,135.50396728515626,136.100341796875,130.7351837158203,116.64717102050781,113.56541442871094,108.73045349121094,103.49302673339844,98.40473937988281,87.30684661865235,84.72538757324219,88.72150421142578,85.78246307373047,78.92559814453125,85.71585845947266,89.4805679321289,78.98139953613281,86.39599609375,89.58379364013672,110.04304504394531,132.4384002685547,157.68777465820313,144.20794677734376,139.95851135253907,136.67848205566407,130.77886962890626,134.48199462890626,135.15672302246095,125.30873107910156,131.43508911132813,141.23175048828126,153.87686157226563,143.6690216064453,137.23861694335938,147.97186279296876,136.39886474609376,134.01547241210938,123.76158142089844,122.5003433227539,119.52214050292969],"Movement_Rate_List":[1.999261498451233,1.6676185131072999,1.5734418630599976,1.1757879257202149,1.1009807586669922,0.9422914385795593,0.7050417065620422,0.6131694912910461,0.4865908622741699,0.3643236458301544,0.2665739357471466,0.20033694803714753,0.1674019694328308,0.21561552584171296,0.2138565182685852,0.21305356919765473,0.21313455700874329,0.191762775182724,0.20442765951156617,0.1861150860786438,0.1363583207130432,0.12113429605960846,0.11437629163265228,0.11112482100725174,0.09728609770536423,0.0918937399983406,0.08762960880994797,0.08125915378332138,0.08468403667211533,0.07835216820240021,0.07286810129880905,0.0708327665925026,0.07446972280740738,0.07216360419988632,0.06233741715550423,0.07451363652944565,0.06699278205633164,0.0617566779255867,0.041231732815504077,0.0419669970870018,0.03292727842926979,0.028189267963171006,0.02515982836484909,0.018892595544457437,0.01704985275864601,0.01165582425892353,0.011499063111841679,0.010665290988981724,0.010416789911687374,0.013432064093649388,0.012949046678841114,0.017872313037514688,0.020077917724847795,0.022503942251205446,0.02376144379377365,0.02265205979347229,0.02028059959411621,0.016739806160330774,0.019024481996893884,0.015586460009217263,0.01106959767639637,0.015916043892502786,0.01277159620076418,0.01726614683866501,0.016403285786509515,0.01344232726842165]}