{"gestureName":"111","Finger_Extension":3.0,"Fingertips_Angle":52.79977035522461,"Fingertips_Distance":0.06751766800880432,"Fingertips_Mutual_Distance":0.0872981920838356}