{"gestureName":"rock","Finger_Extension":3.0,"Fingertips_Angle":64.68915557861328,"Fingertips_Distance":0.08392149955034256,"Fingertips_Mutual_Distance":0.11501104384660721}