{"gestureName":"YE","Finger_Extension":2.0,"Fingertips_Angle":43.56269836425781,"Fingertips_Distance":0.0849611759185791,"Fingertips_Mutual_Distance":0.06307204812765122}