{"gestureName":"zhang","Finger_Extension":5.0,"Fingertips_Angle":57.53202438354492,"Fingertips_Distance":0.09569404274225235,"Fingertips_Mutual_Distance":0.10180135071277619}