{"gestureName":"woquan7","Palm_Movement_List":[0.21326705813407899,0.0003430774959269911,0.00020998288528062403,0.00022264492872636765,0.0005018978263251483,0.0002773195446934551,0.0002593410899862647,0.0004199048853479326,0.0005932891508564353,0.0003889896033797413,0.00013317343837115914,0.00020503545238170773,0.00013971971930004656,0.00006190734711708501,0.00006584183574886993,0.0001966847776202485,0.00009210965799866244,0.0002300858177477494,0.00014772036229260266,0.00017124989244621247,0.00016606564167886972,0.0003705389972310513,0.00019177154172211885,0.0006107522640377283,0.00024571691756136715,0.00024507235502824187,0.0004744052130263299,0.00023944709391798824,0.00021447116159833968,0.0004177818773314357,0.0001903236552607268,0.00019700496341101825,0.0005210753879509866,0.00038058991776779294,0.0001565841812407598,0.0004379650636110455,0.00028219245723448694,0.0003329055616632104,0.00041904201498255134,0.0008774150628596544,0.0010830661049112678,0.00048361311201006174,0.00044221198186278343,0.0001226008462253958,0.00012792680354323238,0.0003181655774824321,0.00029231017106212676,0.00039577196002937853,0.00027218341710977256,0.0003562220954336226],"Finger_Extension_List":[5.0,5.0,5.0,5.0,5.0,5.0,5.0,5.0,5.0,5.0,5.0,5.0,5.0,5.0,5.0,5.0,5.0,5.0,5.0,5.0,5.0,5.0,5.0,5.0,5.0,5.0,5.0,5.0,5.0,5.0,5.0,5.0,5.0,5.0,5.0,5.0,5.0,5.0,5.0,5.0,5.0,5.0,5.0,5.0,5.0,4.0,1.0,1.0,1.0,0.0],"Palm_Angle_List":[152.07049560546876,12.725555419921875,4.957367897033691,13.34496784210205,16.712888717651368,13.636314392089844,13.38969612121582,26.136140823364259,34.923423767089847,40.823814392089847,41.880794525146487,42.836151123046878,44.41051483154297,54.847347259521487,63.043495178222659,103.10161590576172,134.8051300048828,132.16043090820313,136.90548706054688,136.08670043945313,133.4550018310547,136.23458862304688,135.5112762451172,138.8846435546875,141.6395263671875,140.29481506347657,141.21832275390626,140.7740478515625,140.99749755859376,144.5026397705078,146.64065551757813,147.0009765625,150.5657196044922,154.7939453125,160.02447509765626,161.71315002441407,161.50010681152345,164.32452392578126,152.96241760253907,157.5072021484375,153.63668823242188,143.60116577148438,138.68896484375,154.3047332763672,134.7126007080078,115.1106948852539,105.49906158447266,117.31785583496094,50.74167251586914,35.4172477722168],"Movement_Rate_List":[0.007456718012690544,0.013880000449717045,0.014127193950116635,0.013728993944823742,0.027933703735470773,0.035898949950933459,0.026981499046087266,0.02161981351673603,0.020499270409345628,0.014576089568436146,0.017437325790524484,0.01073328498750925,0.009874536655843258,0.009493637830018998,0.008001045323908329,0.008081753738224507,0.010437353514134884,0.014209515415132046,0.015727004036307336,0.01979401335120201,0.016342489048838617,0.021971460431814195,0.021945549175143243,0.0242603812366724,0.02740941196680069,0.031060541048645974,0.02777378261089325,0.025905650109052659,0.026661638170480729,0.023750334978103639,0.022244324907660486,0.02299770899116993,0.020403269678354265,0.020625203847885133,0.015113414265215397,0.028010427951812745,0.03359747678041458,0.03956642374396324,0.04707253724336624,0.061740025877952579,0.06160597875714302,0.05210862681269646,0.018034692853689195,0.014663864858448506,0.0143032968044281,0.023177893832325937,0.013991981744766236,0.02346719615161419,0.024999449029564859,0.038833796977996829]}