{"gestureName":"woquan15","Palm_Movement_List":[0.21138156950473786,0.00014142082363832742,0.0001580533862579614,0.0000762987692723982,0.00007488334813388065,0.00013298430712893605,0.00006284381379373372,0.0001530103327240795,0.0002497662208043039,0.00023872917518019676,0.00015662016812711954,0.0003391931240912527,0.00020044605480507016,0.0002486800658516586,0.00027834359207190573,0.0005523002473637462,0.0005733208381570876,0.0006292406469583511,0.00030724125099368393,0.0002525719173718244,0.00022752388031221926,0.0005365689285099506,0.00026117556262761354,0.000585369358304888,0.000292614713544026,0.0005882891709916294,0.0005860428791493177,0.00039763012318871915,0.0010310125071555377,0.0006939041777513921,0.0008032020414248109,0.0009465318871662021,0.0009600271587260068,0.0027702241204679014,0.0011477959342300892,0.0003910496598109603,0.0006893436657264829,0.0004974821931682527,0.0004569382581394166,0.0005102835712023079,0.000827083014883101,0.00020815752213820815,0.000369150482583791,0.00039479529368691146,0.000593515404034406,0.0008574501262046397,0.0014493960188701749,0.0015589557588100434,0.0013479546178132296,0.0011903789127245546,0.001112059224396944,0.0005629536462947726],"Finger_Extension_List":[5.0,5.0,5.0,5.0,5.0,5.0,5.0,5.0,5.0,5.0,5.0,5.0,5.0,5.0,5.0,5.0,5.0,5.0,5.0,5.0,5.0,5.0,4.0,3.0,2.0,2.0,1.0,1.0,1.0,1.0,1.0,1.0,0.0,0.0,0.0,0.0,0.0,0.0,0.0,0.0,0.0,0.0,0.0,0.0,0.0,0.0,0.0,0.0,0.0,0.0,0.0,0.0],"Palm_Angle_List":[152.9680938720703,141.01368713378907,158.08035278320313,168.7535858154297,170.7508087158203,173.61106872558595,167.043212890625,154.72044372558595,137.27838134765626,129.47447204589845,128.20802307128907,125.427490234375,135.0373992919922,137.89199829101563,139.9990997314453,144.3205108642578,147.22000122070313,152.46957397460938,147.39381408691407,152.49510192871095,153.92674255371095,157.5018768310547,145.55995178222657,153.46690368652345,139.26638793945313,127.17955780029297,147.51229858398438,169.7784881591797,168.3511505126953,160.32347106933595,153.405517578125,147.41648864746095,153.84219360351563,153.62030029296876,147.20884704589845,154.7831573486328,157.62442016601563,131.575927734375,129.14956665039063,115.00485229492188,124.51358795166016,63.957557678222659,68.0379867553711,84.06611633300781,69.76363372802735,53.82212448120117,43.8082389831543,37.58217239379883,26.145038604736329,15.490863800048829,20.38336181640625,28.016265869140626],"Movement_Rate_List":[0.010309317149221897,0.006585389841347933,0.009593884460628033,0.00887526199221611,0.008400492370128632,0.007488427683711052,0.007525177672505379,0.009931440465152264,0.011829828843474388,0.014217022806406021,0.0180892962962389,0.01977454498410225,0.02262686938047409,0.02858678065240383,0.03242271766066551,0.032151371240615848,0.034150563180446628,0.03453917056322098,0.03521355241537094,0.02897636964917183,0.026311317458748819,0.033267877995967868,0.03022027388215065,0.03337141126394272,0.0333431251347065,0.027590515092015268,0.040862638503313068,0.04970809072256088,0.06783823668956757,0.08335231244564057,0.08751446008682251,0.11159250140190125,0.11185158044099808,0.10193459689617157,0.05389196053147316,0.04697715491056442,0.045619379729032519,0.057226475328207019,0.05138307064771652,0.05919674411416054,0.02695351280272007,0.024059290066361429,0.020156076177954675,0.04513935744762421,0.06814242899417877,0.09972689300775528,0.094578817486763,0.08015173673629761,0.07245724648237229,0.06392773240804672,0.059469789266586307,0.06565755605697632]}