{"gestureName":"woquan2","Palm_Movement_List":[0.20918625593185426,0.001971948891878128,0.0011933983769267798,0.001223873347043991,0.000624102889560163,0.0012742135440930725,0.0007124206167645752,0.002252979436889291,0.0018034260720014573,0.0009424423333257437,0.0022284318692982198,0.000997048569843173,0.002139063784852624,0.0010158017976209522,0.0018867655890062452,0.001807688968256116,0.0018351745093241335,0.0008135316311381757,0.00062545295804739,0.0006640590145252645,0.0005786318797618151,0.0013339663855731488,0.0006737341755069792,0.001201340463012457,0.0010471222922205926,0.0005833046743646264,0.0005441673565655947,0.0007408473757095635,0.00034098210744559765,0.00040862103924155235,0.0004502087249420583,0.0012328361626714469,0.0009338704985566437,0.0006227830308489502,0.0002937199315056205,0.0002983815793413669,0.000388999906135723,0.0008141527068801224,0.0003733513003680855,0.0007936256006360054,0.001001911936327815,0.00048492621863260865,0.0008131208596751094,0.0006075910059735179,0.0005336409667506814,0.000996237969957292,0.00031820975709706545,0.00025944499066099524,0.00043502452899701893,0.00013294900418259203,0.00007331563392654061],"Finger_Extension_List":[5.0,5.0,5.0,5.0,5.0,5.0,5.0,5.0,5.0,5.0,5.0,5.0,5.0,5.0,5.0,5.0,5.0,4.0,4.0,4.0,3.0,2.0,2.0,1.0,1.0,1.0,1.0,0.0,0.0,0.0,0.0,0.0,0.0,0.0,0.0,0.0,0.0,0.0,0.0,0.0,0.0,0.0,0.0,0.0,0.0,0.0,0.0,0.0,0.0,0.0,0.0],"Palm_Angle_List":[169.06103515625,161.36451721191407,156.7957305908203,158.66091918945313,156.45175170898438,152.7313232421875,148.81216430664063,150.34390258789063,152.97930908203126,152.247802734375,152.068115234375,148.4315185546875,150.92042541503907,154.0937957763672,149.29258728027345,153.4574432373047,151.14321899414063,143.14035034179688,148.30918884277345,150.67083740234376,160.5707550048828,162.89671325683595,161.39222717285157,153.67872619628907,160.4669647216797,155.65806579589845,162.582275390625,132.2074432373047,115.70169830322266,96.28498077392578,84.54150390625,58.5158576965332,59.710845947265628,86.36742401123047,116.16885375976563,124.1474838256836,135.21063232421876,117.7408676147461,100.50942993164063,85.19419860839844,65.46610260009766,61.207305908203128,107.2889633178711,134.52090454101563,145.67654418945313,138.03204345703126,113.4293212890625,113.32914733886719,123.2643814086914,64.47184753417969,163.0741424560547],"Movement_Rate_List":[0.03915713354945183,0.08009980618953705,0.07505936175584793,0.06936641782522202,0.092432402074337,0.07833866029977799,0.08089198917150498,0.10018813610076904,0.11060726642608643,0.10895302891731262,0.12243317812681198,0.11407873034477234,0.1171126663684845,0.11675801128149033,0.10761003941297531,0.10126620531082154,0.10946570336818695,0.09413721412420273,0.06879905611276627,0.06452887505292893,0.06519036740064621,0.09701954573392868,0.08238443732261658,0.06500255316495896,0.05496107041835785,0.05096082016825676,0.048984818160533908,0.04291718825697899,0.03609735518693924,0.046229563653469089,0.05326635017991066,0.0682743638753891,0.04998459666967392,0.03617080673575401,0.036101486533880237,0.03505699336528778,0.04046632722020149,0.04823291301727295,0.0379575677216053,0.05125816538929939,0.06840036064386368,0.0613522082567215,0.06232496351003647,0.07290549576282501,0.06686325371265412,0.05145176872611046,0.040172308683395389,0.030523361638188363,0.013976728543639183,0.005723635200411081,0.008425623178482056]}