{"gestureName":"woquan4","Palm_Movement_List":[0.240977942943573,0.0004592396435327828,0.00019999174401164055,0.00037083838833495975,0.0001646633754717186,0.0001421984052285552,0.00039064724114723504,0.0002176241687266156,0.0001400050678057596,0.00010455269512021914,0.000296449929010123,0.00018722927779890597,0.0004025001544505358,0.00041140764369629323,0.00044650144991464913,0.00021400267723947763,0.0005083460127934814,0.00027508221683092415,0.0003237923083361238,0.0006683030514977872,0.0008303296635858715,0.0008859878871589899,0.00039460547850467265,0.0006626671529375017,0.00022273659124039114,0.00035322934854775667,0.00017653999384492636,0.00017490086611360312,0.00018706505943555385,0.0013269302435219288,0.0014049169840291143,0.0007875385344959796,0.000626303197350353,0.0009680059738457203,0.000320112711051479,0.0004309825599193573,0.0006700808880850673,0.002726626116782427,0.0005372404120862484,0.00023517404042650014,0.0001798115117708221,0.0003514912095852196,0.0008488259627483785,0.002123503014445305,0.0016367995413020254,0.000937798002269119,0.0008630283991806209,0.0012480556033551694],"Finger_Extension_List":[5.0,5.0,5.0,5.0,5.0,5.0,5.0,5.0,5.0,5.0,5.0,5.0,5.0,5.0,5.0,5.0,5.0,5.0,5.0,5.0,5.0,5.0,5.0,5.0,5.0,5.0,5.0,5.0,5.0,5.0,4.0,4.0,4.0,4.0,1.0,1.0,1.0,0.0,0.0,0.0,0.0,0.0,0.0,0.0,0.0,0.0,0.0,0.0],"Palm_Angle_List":[171.22756958007813,25.589780807495118,27.56249237060547,27.04090690612793,27.565053939819337,29.774484634399415,29.07625961303711,32.28263473510742,59.525596618652347,98.72223663330078,116.9519271850586,121.95001220703125,130.13706970214845,129.17921447753907,119.23872375488281,118.54674530029297,126.44341278076172,125.10432434082031,130.36810302734376,132.1637420654297,142.6749725341797,145.38685607910157,141.8466033935547,133.54672241210938,126.93912506103516,119.51996612548828,130.3902587890625,127.10556030273438,143.35906982421876,165.452880859375,177.1162872314453,175.52919006347657,164.68540954589845,171.74066162109376,154.0349884033203,168.61866760253907,159.8757781982422,144.04287719726563,123.47081756591797,111.24964141845703,63.62855911254883,95.26864624023438,121.49589538574219,124.188232421875,116.86893463134766,116.05805969238281,113.1807632446289,106.33464050292969],"Movement_Rate_List":[0.026081997901201249,0.024317510426044465,0.022903256118297578,0.02074446901679039,0.018735574558377267,0.01661253720521927,0.014763601124286652,0.01005440205335617,0.007613066118210554,0.012543527409434319,0.018980152904987336,0.02104669064283371,0.02226148173213005,0.02430732175707817,0.02761572226881981,0.024320567026734353,0.03273838758468628,0.03214138001203537,0.03719516098499298,0.03844655677676201,0.046469081193208697,0.046756595373153689,0.04712243750691414,0.03325069323182106,0.025971129536628724,0.02085069566965103,0.019933588802814485,0.021006636321544648,0.021296897903084756,0.07486995309591294,0.08392210304737091,0.08904864639043808,0.07438231259584427,0.04977302998304367,0.036639563739299777,0.05008465796709061,0.07583476603031159,0.0773632749915123,0.04687554016709328,0.005675991531461477,0.016283245757222177,0.03175323083996773,0.06692993640899658,0.0826539695262909,0.101353719830513,0.11028971523046494,0.09748367220163346,0.0646205022931099]}