{"gestureName":"woquan1","Palm_Movement_List":[0.2006908357143402,0.0004556959611363709,0.00033364654518663883,0.0005768155679106712,0.000186762263183482,0.0003526198852341622,0.00028775306418538094,0.00013173295883461833,0.00012270413571968675,0.00022182820248417556,0.0003394873929210007,0.00012205793609609827,0.000133832247229293,0.00012823300494346768,0.00029939814703539014,0.0001861165219452232,0.00023575003433506936,0.000789254205301404,0.002209293656051159,0.0008709609392099083,0.0008078216342255473,0.0021104717161506416,0.0011305429507046939,0.0017946786247193814,0.0005312275607138872,0.0005173121462576091,0.0016537681221961976,0.000690417131409049,0.0009116760920733213,0.002478544134646654,0.0014273575507104397,0.0015539928572252393,0.0003026860940735787,0.0005582416779361665,0.0012942447792738677,0.0003188627597410232,0.0005310957785695791,0.0012214897433295847,0.0007115189218893647,0.0004490932624321431,0.00027366692665964365,0.0006714735645800829,0.0009180008783005178,0.00045862936531193554,0.0013497152831405402,0.0010349689982831479,0.00027663601213134825,0.0003063590847887099,0.0005479194805957377],"Finger_Extension_List":[5.0,5.0,5.0,5.0,5.0,5.0,5.0,5.0,5.0,5.0,5.0,5.0,5.0,5.0,5.0,5.0,5.0,5.0,5.0,5.0,5.0,5.0,5.0,4.0,4.0,4.0,2.0,1.0,1.0,0.0,0.0,0.0,0.0,0.0,0.0,0.0,0.0,0.0,0.0,0.0,0.0,0.0,0.0,0.0,0.0,0.0,0.0,0.0,0.0],"Palm_Angle_List":[172.18930053710938,152.16555786132813,132.230224609375,134.68955993652345,125.73515319824219,119.18704986572266,102.92394256591797,94.84716033935547,81.44470977783203,85.2451171875,75.6981430053711,94.95149993896485,95.68061828613281,105.99988555908203,126.0495834350586,142.3793182373047,152.82867431640626,166.08685302734376,164.56968688964845,166.0283660888672,164.72573852539063,167.66531372070313,165.40728759765626,166.9324951171875,168.53721618652345,165.6761474609375,150.2907257080078,168.04994201660157,176.462890625,165.05245971679688,163.06385803222657,163.51715087890626,126.10244750976563,111.04829406738281,122.68218231201172,140.3544921875,143.77804565429688,137.5189666748047,130.97088623046876,129.89231872558595,119.04367065429688,102.43598175048828,104.03083038330078,113.55535125732422,121.03465270996094,121.48602294921875,104.6778335571289,50.46529769897461,39.48978805541992],"Movement_Rate_List":[0.04141862690448761,0.015468955971300602,0.021990476176142694,0.02282765507698059,0.024551302194595338,0.021563202142715455,0.02126120962202549,0.017161576077342035,0.016206996515393258,0.012305132113397122,0.013559311628341675,0.013715694658458233,0.014948244206607342,0.012914077378809452,0.020484603941440584,0.022892780601978303,0.027913151308894159,0.052152205258607867,0.09226787090301514,0.09799309819936753,0.09343277662992478,0.12975063920021058,0.1334909051656723,0.07029729336500168,0.07115273177623749,0.057773660868406299,0.06679670512676239,0.0801895335316658,0.10203387588262558,0.1472834348678589,0.16919834911823274,0.06907206028699875,0.03654202073812485,0.0348888598382473,0.05452778935432434,0.0363323837518692,0.062239207327365878,0.07317125797271729,0.08120491355657578,0.052117280662059787,0.031056545674800874,0.03911132365465164,0.054585885256528857,0.04136267676949501,0.06950417160987854,0.039025772362947467,0.02627641335129738,0.02425422891974449,0.023886950686573983]}