{"gestureName":"woquan12","Palm_Movement_List":[0.14716920256614686,0.0001409703108947724,0.00005167969356989488,0.00005051440166425891,0.00022157948114909232,0.0002788488636724651,0.00010879877663683146,0.00011484891729196534,0.0002891990006901324,0.0001564302947372198,0.0001557663781568408,0.00016015004075597972,0.0003721920365933329,0.000495677231810987,0.0002864380949176848,0.0004926528199575841,0.00038506908458657563,0.000353281939169392,0.00016396385035477579,0.0005020631360821426,0.00023290474200621247,0.0003103272174485028,0.00036337878555059433,0.0008996870019473136,0.0005176404374651611,0.0006020394503138959,0.0006264949915930629,0.0013013429706916214,0.0022846285719424488,0.0015412775101140142,0.001690743025392294,0.0007610407774336636,0.001491704722866416,0.000627995643299073,0.0013745786854997278,0.0022142652887851,0.0013457610039040447,0.001420923974364996,0.0032319636084139349,0.0009994321735575796,0.0021796918008476497,0.00176561763510108,0.0016487780958414078,0.0017271472606807948,0.0011223491746932269,0.002036045305430889,0.0019466825760900975],"Finger_Extension_List":[5.0,5.0,5.0,5.0,5.0,5.0,5.0,5.0,5.0,5.0,5.0,5.0,5.0,5.0,5.0,5.0,5.0,5.0,5.0,5.0,5.0,5.0,5.0,5.0,5.0,5.0,5.0,5.0,5.0,5.0,5.0,5.0,5.0,4.0,2.0,1.0,1.0,0.0,0.0,0.0,0.0,0.0,0.0,0.0,0.0,0.0,0.0],"Palm_Angle_List":[167.12857055664063,146.45770263671876,130.44802856445313,116.63994598388672,122.18251037597656,117.93299865722656,111.20545196533203,105.5948486328125,109.241943359375,117.3931655883789,117.42093658447266,117.08226013183594,115.31450653076172,120.16886138916016,126.21131134033203,125.7604751586914,132.1063995361328,144.9547576904297,150.80923461914063,158.0431671142578,149.7957000732422,158.63096618652345,160.40733337402345,158.24307250976563,150.8108367919922,157.99148559570313,155.8712615966797,155.02586364746095,151.94473266601563,157.53042602539063,163.5902557373047,159.75047302246095,167.6444549560547,165.49085998535157,160.31422424316407,154.80413818359376,166.68838500976563,175.5489501953125,160.40234375,134.40126037597657,127.41780853271485,134.43173217773438,87.9588394165039,71.9117202758789,59.59933853149414,82.4719467163086,93.97408294677735],"Movement_Rate_List":[0.004504705313593149,0.005350326653569937,0.005956744775176048,0.0058151427656412128,0.009246467612683773,0.011267637833952904,0.01264207810163498,0.013333912938833237,0.01697046309709549,0.01770373433828354,0.018654348328709604,0.0184361282736063,0.016294291242957116,0.023954518139362336,0.025150692090392114,0.028537090867757798,0.02366318739950657,0.0241160299628973,0.02030521258711815,0.02499539405107498,0.026864975690841676,0.03551650792360306,0.042218007147312167,0.05464654043316841,0.06217149272561073,0.06912814825773239,0.06440890580415726,0.08442914485931397,0.08778160810470581,0.08570326864719391,0.09665713459253311,0.08673857897520066,0.08007918298244477,0.07189512997865677,0.09633105248212815,0.14303362369537354,0.15561459958553315,0.16253921389579774,0.11745733767747879,0.1164981946349144,0.12890620529651643,0.10251418501138687,0.1009916439652443,0.09644559770822525,0.12643404304981233,0.12283331155776978,0.08441619575023651]}