{"gestureName":"woquan9","Palm_Movement_List":[0.17888496816158296,0.0004705614992417395,0.00030578873702324927,0.0001547125866636634,0.0001509079447714612,0.000288334209471941,0.00013080831558909267,0.00011326830281177536,0.00030374707421287894,0.00006690275768050924,0.00011444613483035937,0.0001201286941068247,0.00006949678936507553,0.00007041251956252381,0.00007742891466477886,0.00013170162856113166,0.00011966186139034107,0.00009948801744030789,0.00003971598926000297,0.000018348428056924604,0.000012720259292109404,0.000026377761969342828,0.00005120758214616217,0.000018199660189566202,0.000043287982407491654,0.00023974095529410988,0.00028670390020124614,0.00022345109027810395,0.000705069222021848,0.0003588526451494545,0.0008383450331166387,0.00030948681524023414,0.00044096741476096213,0.0002319707564311102,0.00044285584590397775,0.00024825954460538924,0.00023493083426728845,0.0003452141536399722,0.00012749765301123261,0.0001291898515773937,0.0003918236761819571,0.00023879457148723304,0.00014372766599990427,0.00030607538064941764,0.0004205635341349989,0.0010295473039150239,0.001614825683645904,0.0005488353199325502],"Finger_Extension_List":[5.0,5.0,5.0,5.0,5.0,5.0,5.0,5.0,5.0,5.0,5.0,5.0,5.0,5.0,5.0,5.0,5.0,5.0,5.0,5.0,5.0,5.0,5.0,5.0,5.0,5.0,5.0,5.0,5.0,5.0,5.0,5.0,4.0,4.0,4.0,4.0,4.0,4.0,4.0,4.0,4.0,4.0,4.0,4.0,4.0,3.0,1.0,1.0],"Palm_Angle_List":[166.63381958007813,141.4916534423828,128.608154296875,121.92889404296875,122.17608642578125,121.25641632080078,128.39431762695313,134.4279022216797,140.6155242919922,133.12200927734376,115.70287322998047,98.215576171875,108.32052612304688,115.89971923828125,126.475341796875,133.5543975830078,149.5534210205078,165.0321807861328,177.1507110595703,142.1278533935547,91.20823669433594,32.55754852294922,32.97172927856445,116.76410675048828,105.14561462402344,112.4156265258789,151.147705078125,167.6760711669922,175.38519287109376,173.49180603027345,167.61920166015626,176.75454711914063,161.19386291503907,92.16098022460938,42.37015151977539,36.236637115478519,29.917814254760743,43.00079345703125,58.567630767822269,66.21192169189453,66.35746765136719,103.61763000488281,118.09260559082031,140.84571838378907,160.64231872558595,159.4968719482422,162.23043823242188,150.55789184570313],"Movement_Rate_List":[0.018107976764440538,0.01860535703599453,0.0180355217307806,0.01778244972229004,0.017451051622629167,0.016838110983371736,0.014989280141890049,0.01284381840378046,0.009251758456230164,0.007763005327433348,0.006355743855237961,0.006477664224803448,0.008573370054364205,0.008237861096858979,0.00880527775734663,0.007147492375224829,0.006408119108527899,0.004530969075858593,0.004361690953373909,0.002081845887005329,0.0013469404075294734,0.0031451911199837925,0.0023734027054160835,0.0021422298159450294,0.004311492200940847,0.013548645190894604,0.018045367673039438,0.027257632464170457,0.043279945850372317,0.042297229170799258,0.04869755357503891,0.0353972390294075,0.02039320394396782,0.015389150939881802,0.03074275702238083,0.028552094474434854,0.027609767392277719,0.017506463453173639,0.01485411450266838,0.015003154054284096,0.013980069197714329,0.014771342277526856,0.01646934077143669,0.013558478094637394,0.028173241764307023,0.04818595200777054,0.06537134200334549,0.06448440998792649]}