{"gestureName":"woquan11","Palm_Movement_List":[0.18150818347930909,0.0001156424914370291,0.00036938689299859107,0.00008033119956962764,0.00002461195435898844,0.000043873165850527585,0.00004427608655532822,0.000060419944929890335,0.00010647953604348004,0.00015256862388923764,0.00004079900463693775,0.00008351189171662554,0.000044262284063734114,0.00003928921069018543,0.00004073407399118878,0.0000878011851455085,0.00017458463844377548,0.00010544429824221879,0.00015138325397856534,0.00017695283167995512,0.0004420674522407353,0.00028859879239462316,0.0007987087592482567,0.0005313460133038461,0.0017279714811593295,0.0011097596725448967,0.0006732508190907538,0.001176995923742652,0.000652358983643353,0.0006222696974873543,0.0006207533879205585,0.0019549597054719927,0.0011950741754844785,0.0006204333039931953,0.0008108611218631268,0.0022968915291130544,0.0009849269408732653,0.0008457449148409069,0.001944159739650786,0.0006919734296388924,0.0030715791508555414,0.0010019431356340647,0.000994018861092627,0.0010597814107313753,0.0030697351321578027,0.0007215072982944548,0.0015307818539440632],"Finger_Extension_List":[5.0,5.0,5.0,5.0,5.0,5.0,5.0,5.0,5.0,5.0,5.0,5.0,5.0,5.0,5.0,5.0,5.0,5.0,5.0,5.0,5.0,5.0,5.0,5.0,5.0,3.0,2.0,1.0,1.0,1.0,1.0,0.0,0.0,0.0,0.0,0.0,0.0,0.0,0.0,0.0,0.0,0.0,0.0,0.0,0.0,0.0,0.0],"Palm_Angle_List":[163.95611572265626,142.44029235839845,146.06153869628907,156.5316925048828,154.8419952392578,145.58746337890626,137.08250427246095,135.965087890625,132.09263610839845,136.0555419921875,133.6531524658203,148.35304260253907,162.1875762939453,163.26625061035157,156.92991638183595,157.9691925048828,159.4690704345703,157.15133666992188,164.50686645507813,171.57655334472657,177.00050354003907,172.04147338867188,167.5450439453125,169.95106506347657,168.76515197753907,165.1492156982422,165.9266815185547,170.24581909179688,174.91839599609376,152.03004455566407,157.2354278564453,157.55543518066407,148.39923095703126,126.76856994628906,108.51061248779297,93.70144653320313,116.33208465576172,113.04088592529297,85.03889465332031,80.36412048339844,60.58726119995117,62.576473236083987,79.99444580078125,68.51023864746094,68.87783813476563,62.371395111083987,73.90653991699219],"Movement_Rate_List":[0.006600113585591316,0.007795424200594425,0.008150429464876652,0.0032756866421550514,0.002843874739482999,0.005004492122679949,0.005029266234487295,0.007001088932156563,0.005547833163291216,0.005579695105552673,0.0046679493971168999,0.004906889051198959,0.005060899071395397,0.004575048107653856,0.004572054371237755,0.004540632013231516,0.0084993289783597,0.011830158531665802,0.017854267731308938,0.02037268877029419,0.028449904173612596,0.03406189754605293,0.05025584623217583,0.0608995147049427,0.06024422124028206,0.07012096047401428,0.08492074906826019,0.061201583594083789,0.07647725939750672,0.07008320838212967,0.07481851428747177,0.08032597601413727,0.07213284820318222,0.06992384046316147,0.09207979589700699,0.12465157359838486,0.11291100829839707,0.10001783072948456,0.11993852257728577,0.08024720847606659,0.13969096541404725,0.1176956295967102,0.09133687615394592,0.09325765818357468,0.07865288853645325,0.06800289452075958,0.058374956250190738]}