{"gestureName":"woquan13","Palm_Movement_List":[0.1920749545097351,0.0007485715905204415,0.00016723631415516138,0.00027770097949542105,0.00021366110013332218,0.000094030168838799,0.0002115674433298409,0.00007615243521286175,0.000014273820852395147,0.00006891759403515607,0.00005015532951802015,0.00008067514863796532,0.00017547626339364797,0.00020342005882412195,0.00007174690836109221,0.00015432755753863603,0.00009108838276006281,0.00010388051305199042,0.00008933211211115122,0.0002409748558420688,0.00014716977602802217,0.0001577665243530646,0.0005533871590159833,0.0003619738563429564,0.0001930608123075217,0.0004104370891582221,0.0002324324013898149,0.0005524782463908196,0.0003036014677491039,0.001324282493442297,0.000571649638004601,0.0005774790188297629,0.0009732384351082146,0.0007466929964721203,0.00190410774666816,0.001082893810234964,0.004045112058520317,0.0016159433871507645,0.0023022270761430265,0.001107997028157115,0.0025380682200193407,0.000837423955090344,0.0008805240504443646,0.001292309956625104,0.0009338154923170805,0.0009442779119126499,0.0004378058365546167],"Finger_Extension_List":[5.0,5.0,5.0,5.0,5.0,5.0,5.0,5.0,5.0,5.0,5.0,5.0,5.0,5.0,5.0,5.0,5.0,5.0,5.0,5.0,5.0,5.0,5.0,5.0,5.0,5.0,5.0,5.0,5.0,5.0,4.0,4.0,1.0,0.0,0.0,0.0,0.0,0.0,0.0,0.0,0.0,0.0,0.0,0.0,0.0,0.0,0.0],"Palm_Angle_List":[161.1615753173828,111.92294311523438,108.67708587646485,107.59992218017578,111.74028778076172,125.5626449584961,133.3594512939453,108.37488555908203,42.60948181152344,60.662845611572269,64.27427673339844,64.43894958496094,66.95377349853516,123.6075210571289,136.66323852539063,150.1752166748047,163.99874877929688,158.92507934570313,153.58343505859376,139.9001922607422,141.28292846679688,111.96405792236328,96.87740325927735,114.74237060546875,102.10525512695313,106.8128662109375,123.14276885986328,92.56768798828125,98.77442932128906,123.68556213378906,127.23359680175781,115.1124038696289,109.06327819824219,148.6720733642578,129.51588439941407,124.07369232177735,134.53170776367188,143.53060913085938,86.44464111328125,69.71223449707031,55.7116584777832,88.92637634277344,80.79561614990235,73.99846649169922,62.85148239135742,63.66889953613281,73.34039306640625],"Movement_Rate_List":[0.025102943181991578,0.022507615387439729,0.019942110404372217,0.015929408371448518,0.012289250269532204,0.00825474876910448,0.005381918046623468,0.0017315513687208295,0.0020505357533693315,0.005844704806804657,0.007604663725942373,0.00904909335076809,0.009764355607330799,0.012123173102736473,0.00822609942406416,0.010380648076534272,0.010178491473197937,0.012248261831700802,0.010351213626563549,0.015642007812857629,0.01670713536441326,0.017810871824622155,0.020431164652109147,0.02248230390250683,0.022362619638442994,0.024135075509548188,0.026935547590255739,0.035568494349718097,0.03601038455963135,0.06209525093436241,0.06658735126256943,0.06665987521409989,0.050035588443279269,0.08326248824596405,0.1158633604645729,0.12762479484081269,0.1759530007839203,0.18770357966423036,0.1291157305240631,0.12888216972351075,0.1319316178560257,0.09683424234390259,0.1012447252869606,0.07308878004550934,0.05545611307024956,0.050570473074913028,0.05203355848789215]}