{"gestureName":"woquan3","Palm_Movement_List":[0.24302053451538087,0.00013095003669150174,0.0001417126477463171,0.00006860633584437892,0.00022552987502422184,0.00015153136337175965,0.00008400445221923292,0.00009004289313452318,0.00019932207942474633,0.00011946222366532311,0.00009558829333400354,0.00035379076143726707,0.0002755134482868016,0.00016235186194535345,0.0001770787057466805,0.0001683023147052154,0.00016446704103145748,0.00038562793633900583,0.0002483417047187686,0.00034482672344893217,0.0005134308012202382,0.0003161436761729419,0.0005351953441277146,0.0006685255793854594,0.0006475168629549444,0.000935510965064168,0.00033356848871335387,0.0010227836901322008,0.001602866337634623,0.0022265419829636814,0.0009328468586318195,0.000872377073392272,0.0007103001698851585,0.0008060799445956945,0.0007201341795735061,0.0013204312417656184,0.001634210697375238,0.0005634494009427726,0.0012022309238091112,0.0006632065633311868,0.0004733059322461486,0.0010201914701610804,0.0003618003975134343,0.0006475886912085116,0.0005829043802805245,0.00020569885964505374,0.00022430476383306086,0.00026190312928520143,0.00005786653855466284,0.00004370776150608435,0.00022177142091095448,0.00008098817488644272,0.0000850805954542011],"Finger_Extension_List":[5.0,5.0,5.0,5.0,5.0,5.0,5.0,5.0,5.0,5.0,5.0,5.0,5.0,5.0,5.0,5.0,5.0,5.0,4.0,4.0,3.0,3.0,3.0,3.0,2.0,2.0,2.0,1.0,0.0,0.0,0.0,0.0,0.0,0.0,0.0,0.0,0.0,0.0,0.0,0.0,0.0,0.0,0.0,0.0,0.0,0.0,0.0,0.0,0.0,0.0,0.0,0.0,0.0],"Palm_Angle_List":[166.46435546875,128.49497985839845,145.69638061523438,145.33876037597657,133.63958740234376,127.37543487548828,125.86687469482422,127.78082275390625,123.77338409423828,124.1204833984375,84.00476837158203,133.32972717285157,91.17144775390625,83.26376342773438,68.6156997680664,79.14521789550781,89.67814636230469,115.61972045898438,120.97758483886719,121.01889038085938,113.57762908935547,147.77532958984376,156.86087036132813,155.18624877929688,151.0930633544922,146.63706970214845,152.48284912109376,158.95822143554688,163.86605834960938,159.5381317138672,143.8115234375,136.64593505859376,134.5344696044922,145.5970001220703,141.3414306640625,136.40115356445313,129.4920654296875,117.31591796875,96.29042053222656,97.3087387084961,96.18115234375,90.62934112548828,84.98612213134766,85.56050109863281,55.437259674072269,40.36438751220703,38.25767517089844,56.511165618896487,77.77961730957031,58.467498779296878,37.229393005371097,80.46833801269531,133.5792999267578],"Movement_Rate_List":[0.006404629442840815,0.007143416441977024,0.009606425650417805,0.008140348829329014,0.00837316457182169,0.007642817683517933,0.009583507664501667,0.010351833887398243,0.012481318786740303,0.013629039749503136,0.01105285994708538,0.01584448851644993,0.01786380633711815,0.018569277599453927,0.02063608542084694,0.019322795793414117,0.018777059391140939,0.027586685493588449,0.027816470712423326,0.016004683449864389,0.027101337909698488,0.03543862700462341,0.060865577310323718,0.07973813265562058,0.07272321730852127,0.048799652606248859,0.039606042206287387,0.06017119064927101,0.10271970927715302,0.13209626078605653,0.1094377338886261,0.10037695616483689,0.07265009731054306,0.09175696969032288,0.08855511248111725,0.07070506364107132,0.05660860985517502,0.06521518528461456,0.07283305376768112,0.07634495943784714,0.054787322878837588,0.056564003229141238,0.04170134663581848,0.03826972469687462,0.03397403657436371,0.023951489478349687,0.025015784427523614,0.013320369645953179,0.0069694193080067638,0.005069219972938299,0.012709317728877068,0.009637728333473206,0.00986963789910078]}