{"gestureName":"woquan","Palm_Movement_List":[0.16803492605686189,0.00007583649858133867,0.00003534587085596286,0.00003282973193563521,0.00006277809734456241,0.000029284885386005044,0.00006664702959824353,0.00007500551146222278,0.00019517990585882217,0.00009321421384811401,0.00009679957292973995,0.00009520149615127593,0.00015196326421573758,0.00010453785944264382,0.00011725091462722048,0.0005351454601623118,0.00020463198598008603,0.0004600483225658536,0.00031184093677438796,0.0003899363800883293,0.00037545818486250937,0.0004133564652875066,0.0008235590648837388,0.00044889168930239975,0.0005038886447437108,0.0004948544665239751,0.0009760473039932549,0.00045247116941027343,0.0004273794183973223,0.0004053856246173382,0.0004386403306853026,0.0004037728358525783,0.0009246065746992827,0.0005217340076342225,0.0005176482954993844,0.0005117570981383324,0.00038512988248839974,0.0004284657770767808,0.00013384263729676604,0.00024227218818850815,0.000513636798132211,0.0008510473417118192,0.00010628927702782676,0.0001612847117939964,0.00017706857761368155,0.0005038749659433961,0.0004570726305246353,0.0007064594537951052,0.0008708622772246599,0.0005371191655285656,0.0005661312607116997,0.0009706866694614291,0.0003717316722031683,0.00036508531775325537,0.0005687427474185824,0.0003203445812687278,0.0003768985334318131,0.0009234609315171838,0.000503668503370136,0.0005113701336085796,0.000905390945263207,0.0008899698732420802,0.0009615721646696329],"Finger_Extension_List":[5.0,5.0,5.0,5.0,5.0,5.0,5.0,5.0,5.0,5.0,5.0,5.0,5.0,5.0,5.0,5.0,5.0,5.0,5.0,5.0,5.0,5.0,5.0,5.0,5.0,5.0,5.0,5.0,5.0,5.0,5.0,5.0,5.0,5.0,5.0,5.0,5.0,4.0,4.0,4.0,4.0,4.0,4.0,2.0,2.0,1.0,0.0,0.0,0.0,0.0,0.0,0.0,0.0,0.0,0.0,0.0,0.0,0.0,0.0,0.0,0.0,0.0,0.0],"Palm_Angle_List":[167.07252502441407,117.05694580078125,111.67278289794922,105.20953369140625,112.14374542236328,143.0708465576172,149.10533142089845,147.8568115234375,137.41537475585938,138.92906188964845,126.36808013916016,126.37468719482422,134.35107421875,146.26315307617188,150.2575225830078,144.2498321533203,150.04344177246095,147.64781188964845,146.09063720703126,150.24034118652345,152.28590393066407,150.73336791992188,153.10696411132813,152.30352783203126,153.1619110107422,156.2342071533203,149.17762756347657,145.62864685058595,138.5640869140625,140.4205322265625,144.2532501220703,143.06886291503907,152.6575927734375,159.09413146972657,158.2245635986328,148.22775268554688,152.28305053710938,172.56349182128907,134.6021728515625,151.4900665283203,146.38365173339845,121.74580383300781,23.50697135925293,70.64595794677735,79.13435363769531,52.817447662353519,90.39974212646485,99.18785858154297,110.40371704101563,136.96742248535157,150.15902709960938,142.46046447753907,106.20993041992188,98.40213012695313,65.25045013427735,86.29549407958985,95.31512451171875,114.24063110351563,110.57743072509766,134.52474975585938,119.15654754638672,99.7418441772461,127.55330657958985],"Movement_Rate_List":[0.005147320218384266,0.004200621508061886,0.00395198306068778,0.0038547683507204057,0.0034060031175613405,0.003354486543685198,0.0078093488700687889,0.008512916043400765,0.011037965305149556,0.010723459534347058,0.011207823641598225,0.010778795927762986,0.008007016032934189,0.012130294926464558,0.012657099403440953,0.02487538568675518,0.02346349135041237,0.02859133668243885,0.03536844253540039,0.04636073112487793,0.043540339916944507,0.04756246134638786,0.04788926616311073,0.05299827829003334,0.04901283234357834,0.05597206577658653,0.05974585562944412,0.05221821740269661,0.04639476537704468,0.043863143771886829,0.050939083099365237,0.05043403431773186,0.05180562660098076,0.05552246421575546,0.0603661984205246,0.05311916396021843,0.045696936547756198,0.019406534731388093,0.01687777228653431,0.029324304312467576,0.05842700973153114,0.04272333160042763,0.013123991899192334,0.018793638795614244,0.021235886961221696,0.033817358314991,0.05345878750085831,0.07969070225954056,0.10112203657627106,0.061021409928798679,0.06454609334468842,0.05319615826010704,0.04227603226900101,0.043912384659051898,0.03060857206583023,0.038005080074071887,0.042220085859298709,0.060033973306417468,0.056452538818120959,0.051549289375543597,0.06398428976535797,0.11238429695367813,0.11019588261842728]}