{"gestureName":"woquan8","Palm_Movement_List":[0.2091144174337387,0.00035433407174423337,0.00023219552531372756,0.0004626965383067727,0.0006401042337529361,0.00021337684302125126,0.0006316630751825869,0.00047149372403509915,0.00024402221606578678,0.0002351737057324499,0.00046447935164906085,0.00023075651552062482,0.00024699544883333147,0.0002515375963412225,0.0004962222301401198,0.0007863512728363276,0.0002603116154205054,0.0002628960064612329,0.000512760947458446,0.00025307631585747004,0.00024919191491790116,0.00023927069560158998,0.0004342046449892223,0.0003710373130161315,0.00017091924382839352,0.00017066528380382806,0.0002997509727720171,0.0001389719982398674,0.00028842201572842896,0.00013629744353238493,0.0006158856558613479,0.0003697759530041367,0.0008205926860682666,0.00041200584382750094,0.0002658039447851479,0.00027844359283335507,0.000406707520596683,0.0003491042589303106,0.00030967415659688413,0.0008583405870012939,0.0003422469017095864,0.0006080590537749231,0.00026547955349087715,0.0002139658317901194,0.00030721130315214396,0.0006352062337100506,0.0002316292084287852,0.0002343668747926131,0.00022840108431410044,0.0001597078371560201,0.00048100153799168766],"Finger_Extension_List":[5.0,5.0,5.0,5.0,5.0,5.0,5.0,5.0,5.0,5.0,5.0,5.0,5.0,5.0,5.0,5.0,5.0,5.0,5.0,5.0,5.0,5.0,5.0,5.0,5.0,5.0,5.0,5.0,5.0,5.0,5.0,5.0,5.0,5.0,5.0,4.0,4.0,4.0,4.0,3.0,3.0,3.0,3.0,3.0,2.0,2.0,1.0,1.0,1.0,1.0,0.0],"Palm_Angle_List":[160.81871032714845,150.24581909179688,142.15505981445313,140.9818572998047,141.4095916748047,141.63169860839845,130.9186248779297,128.5735321044922,129.87075805664063,127.73090362548828,126.81382751464844,131.02645874023438,129.52972412109376,131.69383239746095,116.14527893066406,105.1212387084961,105.05648803710938,102.52804565429688,100.23446655273438,94.77238464355469,99.27050018310547,100.85879516601563,107.85236358642578,110.25177764892578,112.61112976074219,119.23707580566406,119.83248901367188,122.93818664550781,118.50091552734375,122.58505249023438,162.9365692138672,170.9598388671875,171.89517211914063,166.84799194335938,126.41082000732422,68.24092102050781,36.384124755859378,50.32875061035156,55.67039489746094,41.58331298828125,38.63520050048828,83.60652160644531,103.07350158691406,116.98723602294922,122.06840515136719,124.6898193359375,114.90919494628906,93.9629898071289,128.36285400390626,115.76008605957031,155.59835815429688],"Movement_Rate_List":[0.014973490498960019,0.016784172505140306,0.018260855227708818,0.026240572333335878,0.030040936544537545,0.033424098044633868,0.02623261883854866,0.027683664113283159,0.02807430550456047,0.027165265753865243,0.02654179371893406,0.02637757547199726,0.028574150055646898,0.029016148298978807,0.029264351353049279,0.030671562999486924,0.02945411205291748,0.03098665550351143,0.029042476788163186,0.02872886322438717,0.029549961909651758,0.027645528316497804,0.02394828200340271,0.01828581839799881,0.017956038936972619,0.021936792880296708,0.016864299774169923,0.01584514230489731,0.016807230189442636,0.015770183876156808,0.029662271961569787,0.042798157781362537,0.047108881175518039,0.04778062552213669,0.016737869009375573,0.03227139264345169,0.04680720716714859,0.03951844200491905,0.035074520856142047,0.04015296697616577,0.04042079672217369,0.03753918036818504,0.03109349124133587,0.02430582232773304,0.03604114428162575,0.02921006828546524,0.026265110820531846,0.009192472323775292,0.018178462982177736,0.01839783601462841,0.034163907170295718]}