{"gestureName":"woquan10","Palm_Movement_List":[0.17348989844322205,0.0005071032792329788,0.00012530080857686698,0.0002426943538011983,0.00020750894327647984,0.00009283745748689398,0.00007943188393255696,0.00013307624612934887,0.00020747703092638403,0.00006450894579757005,0.00011304264626232907,0.000059502232033992186,0.000046607623517047614,0.00008900724787963554,0.00003204048698535189,0.00003565941733540967,0.00016526860417798162,0.00009025571489473805,0.00015138536400627345,0.00017108788597397506,0.00011976809764746577,0.0003418837732169777,0.0005375587497837842,0.00032705103512853384,0.0003438986896071583,0.0006083235493861139,0.0002529081830289215,0.00042832180042751133,0.00017907979781739414,0.0004375195421744138,0.0008411099552176893,0.0014951841440051795,0.0010578057263046504,0.000995546579360962,0.0008203618344850838,0.000776947068516165,0.001526501728221774,0.0007083254749886692,0.0012124857166782022,0.0003244396939408034,0.00038117318763397634,0.0004483564116526395,0.0008602425223216414,0.0007133877952583134,0.0002845916023943573,0.0005352561711333692,0.00036621661274693906,0.00009613065776648],"Finger_Extension_List":[5.0,5.0,5.0,5.0,5.0,5.0,5.0,5.0,5.0,5.0,5.0,5.0,5.0,5.0,5.0,5.0,5.0,5.0,5.0,5.0,5.0,5.0,5.0,5.0,5.0,5.0,5.0,5.0,5.0,4.0,3.0,1.0,1.0,1.0,1.0,0.0,0.0,0.0,0.0,0.0,0.0,0.0,0.0,0.0,0.0,0.0,0.0,0.0],"Palm_Angle_List":[164.1199493408203,42.93525695800781,37.59107971191406,35.92459487915039,34.25608444213867,34.263607025146487,35.290504455566409,43.93654251098633,67.69721984863281,85.17677307128906,96.51689147949219,98.52580261230469,104.25161743164063,105.29840850830078,106.61981964111328,125.5394515991211,119.46163177490235,107.52616119384766,125.87820434570313,147.4405059814453,151.5973663330078,147.5730743408203,144.86489868164063,148.0987548828125,153.0808868408203,151.13522338867188,152.9813995361328,161.507568359375,150.5504150390625,147.00509643554688,155.15322875976563,156.15737915039063,162.79608154296876,165.69326782226563,169.22557067871095,178.9330291748047,169.17236328125,154.15411376953126,110.69418334960938,67.1180191040039,78.87884521484375,107.03966522216797,118.63298034667969,133.92930603027345,139.04615783691407,135.2473602294922,115.12501525878906,96.7476806640625],"Movement_Rate_List":[0.013551535084843636,0.01427362859249115,0.014413664117455483,0.013014992699027062,0.012020790949463845,0.010586004704236985,0.009512458927929402,0.0074898842722177509,0.0084806764498353,0.007139326073229313,0.006405248772352934,0.006839943118393421,0.005403944756835699,0.004979961551725864,0.0037617289926856758,0.004167911130934954,0.005207570269703865,0.005795756820589304,0.006580287590622902,0.01088604424148798,0.013765557669103146,0.02065742388367653,0.03559492155909538,0.03683743625879288,0.04020930826663971,0.03473176807165146,0.02960510179400444,0.02667340449988842,0.0206815954297781,0.0315348282456398,0.06027205288410187,0.10304901003837586,0.12157279253005982,0.11437848210334778,0.09525800496339798,0.09035269170999527,0.08422637730836868,0.08573124557733536,0.04526357725262642,0.03725806996226311,0.04401015117764473,0.05115889012813568,0.04732682183384895,0.037088315933942798,0.03214085474610329,0.024568719789385797,0.020183192566037179,0.011103027500212193]}