{"gestureName":"woquan14","Palm_Movement_List":[0.17406058311462403,0.0003508720255922526,0.00017981512064579874,0.00018455740064382553,0.0007860204786993563,0.00044168735621497035,0.00022369045473169535,0.0004124251427128911,0.0002058422687696293,0.000200052818399854,0.0003880478907376528,0.0004028694238513708,0.0006402973085641861,0.00041852035792544484,0.0006051672389730811,0.00020668894285336137,0.0005847985739819706,0.00044762316974811256,0.0002454945060890168,0.0005144247552379966,0.0002713428402785212,0.00028693480999208987,0.0005606081103906035,0.0002941034617833793,0.000555223086848855,0.0005660648457705975,0.0004561202949844301,0.00033218442695215344,0.000515127438120544,0.00072219327557832,0.00044032983714714646,0.001612341497093439,0.0011133881052955986,0.0004932403680868447,0.0003720078384503722,0.0007984190015122294,0.00043131766142323613,0.0006469250074587762,0.0016734144883230329,0.002247043652459979,0.0007452187710441649,0.0008362419903278351,0.0004990831948816776,0.0008370042196474969,0.0005001021199859679],"Finger_Extension_List":[5.0,5.0,5.0,5.0,5.0,5.0,5.0,5.0,5.0,5.0,5.0,5.0,5.0,5.0,5.0,5.0,5.0,5.0,5.0,5.0,5.0,5.0,5.0,5.0,5.0,5.0,5.0,5.0,5.0,5.0,5.0,4.0,3.0,3.0,3.0,2.0,2.0,2.0,1.0,1.0,0.0,0.0,0.0,0.0,0.0],"Palm_Angle_List":[152.1185302734375,120.08625793457031,119.50999450683594,120.68763732910156,125.13995361328125,134.74783325195313,134.72637939453126,126.84033203125,130.1443634033203,126.2578353881836,117.71202850341797,121.01823425292969,136.17735290527345,138.86927795410157,127.15567779541016,124.72370910644531,116.35961151123047,117.80429077148438,119.3259048461914,115.83826446533203,115.59626770019531,117.12034606933594,114.32022094726563,119.89790344238281,130.8574981689453,127.20096588134766,119.65724182128906,117.93683624267578,112.01608276367188,126.07843780517578,157.60830688476563,142.2616729736328,136.59848022460938,131.4555206298828,144.21873474121095,150.33425903320313,143.807861328125,168.0146484375,133.63600158691407,139.6596221923828,141.14646911621095,139.51507568359376,143.41236877441407,129.26803588867188,146.63858032226563],"Movement_Rate_List":[0.022211464121937753,0.021186476573348047,0.020702864974737169,0.02119147591292858,0.024106256663799287,0.02628042735159397,0.025949416682124139,0.023946693167090417,0.02366505190730095,0.02302456647157669,0.022506365552544595,0.023577310144901277,0.025956442579627038,0.02387833222746849,0.02393469214439392,0.02364429272711277,0.024943284690380098,0.025241214781999589,0.027455458417534829,0.032311905175447467,0.031217604875564576,0.03281902149319649,0.03244318068027496,0.03400042653083801,0.030129600316286088,0.03242109715938568,0.026299310848116876,0.03916876018047333,0.02872397005558014,0.044084154069423679,0.048698969185352328,0.0743735134601593,0.060831062495708469,0.05653712525963783,0.04285290837287903,0.04732510447502136,0.04883573576807976,0.049905356019735339,0.08508211374282837,0.09676951915025711,0.07036326825618744,0.04956189543008804,0.07231016457080841,0.06026126444339752,0.06897884607315064]}