{"gestureName":"woquan6","Palm_Movement_List":[0.23791679739952088,0.0001224741426995024,0.00011039103992516175,0.00015363786951638758,0.000049176633183378726,0.00011734863073797897,0.00009873329690890387,0.00025471203844062984,0.00015231870929710567,0.0001892457075882703,0.00047231430653482676,0.0005596246337518096,0.0006008962518535554,0.00030980343581177294,0.0003083956253249198,0.0006317601073533297,0.00030226382659748197,0.00028495851438492537,0.00028153773746453226,0.00046041919267736375,0.000351972266798839,0.000353538227500394,0.00015059522411320359,0.0003532018163241446,0.00018218165496364236,0.00020805042004212737,0.00021502132585737854,0.0008115150267258287,0.0005488151800818741,0.00031837652204558253,0.0012194820446893573,0.00039227184606716037,0.00037195163895376027,0.0006448468193411827,0.00023550904006697237,0.0003449435462243855,0.00021611142437905073,0.0007644877186976373,0.00035318927257321775,0.0002722762292250991,0.00026567396707832813,0.0007127712015062571,0.00037983167567290366,0.0011694860877469183,0.0008655964047648013,0.0005609170184470713,0.0004726916376966983,0.0007213597418740392,0.00043053572881035507,0.000610326649621129],"Finger_Extension_List":[5.0,5.0,5.0,5.0,5.0,5.0,5.0,5.0,5.0,5.0,5.0,5.0,5.0,5.0,5.0,5.0,5.0,5.0,5.0,5.0,5.0,5.0,5.0,5.0,5.0,5.0,5.0,5.0,4.0,4.0,2.0,1.0,1.0,1.0,1.0,1.0,1.0,0.0,0.0,0.0,0.0,0.0,0.0,0.0,0.0,0.0,0.0,0.0,0.0,0.0],"Palm_Angle_List":[165.6630096435547,151.42578125,136.52549743652345,130.8802947998047,146.68984985351563,162.0071258544922,168.16380310058595,157.04644775390626,154.89120483398438,152.18804931640626,152.02569580078126,147.428466796875,142.9873809814453,137.18112182617188,142.02369689941407,136.6701202392578,129.52349853515626,128.1352996826172,133.66934204101563,141.75033569335938,151.9606170654297,162.44020080566407,160.16990661621095,152.6480255126953,153.20252990722657,155.6996307373047,160.5099639892578,157.0794219970703,155.6534881591797,154.94883728027345,168.9142608642578,173.701171875,178.43991088867188,167.3712921142578,157.4273681640625,90.13365936279297,125.41788482666016,154.55673217773438,142.06076049804688,102.72551727294922,89.82646942138672,82.2347183227539,115.08293914794922,116.29226684570313,94.3401107788086,87.95233154296875,94.40966033935547,111.22905731201172,126.8385238647461,125.12692260742188],"Movement_Rate_List":[0.007708758115768433,0.006155663635581732,0.00644152145832777,0.005345972254872322,0.005863227881491184,0.0075802975334227089,0.010991067625582219,0.015958847478032113,0.017543958500027658,0.02192797139286995,0.028101453557610513,0.035766929388046268,0.03530152514576912,0.035031758248806,0.034982193261384967,0.03493933379650116,0.0361519530415535,0.03275005519390106,0.03245333209633827,0.02467455342411995,0.018964247778058053,0.020251967012882234,0.017373768612742425,0.02083369717001915,0.02117069996893406,0.024044686928391458,0.024714570492506028,0.029489239677786828,0.033664025366306308,0.03664308413863182,0.050990086048841479,0.045891959220170978,0.04298963025212288,0.03784280642867088,0.010952407494187355,0.025948556140065194,0.02472975291311741,0.05637070909142494,0.04107264429330826,0.03187134116888046,0.03071393258869648,0.045588523149490359,0.0440947525203228,0.05230263993144035,0.051606833934783939,0.06558135896921158,0.05357467010617256,0.03342160955071449,0.048180583864450458,0.07271832972764969]}