{"gestureName":"woquan5","Palm_Movement_List":[0.21661625802516938,0.00017362521612085402,0.00025268440367653966,0.0002673149574548006,0.00033662450732663274,0.0006546876975335181,0.00024309060245286673,0.0005672683473676443,0.00030870703631080687,0.0002987445914186537,0.0003129639953840524,0.00033741796505637467,0.0006230568396858871,0.0005955332890152931,0.0007583445985801518,0.00038214685628190637,0.00037574992165900767,0.0011380198411643506,0.001080658519640565,0.0007950544822961092,0.0,0.0008499840623699129,0.0004984206170774996,0.0005126767791807652,0.001065114513039589,0.0,0.001016858033835888,0.0008814061293378472,0.001048309844918549,0.0005058349343016744,0.0005214259726926684,0.0008402452222071588,0.0009582685888744891,0.0005627533537335694,0.0005652843392454088,0.001261544181033969,0.00018750406161416322,0.00028028024826198816,0.0004535774060059339,0.00026459150831215084,0.00034086735104210675,0.0009215850150212646,0.0010934016900137067,0.00042442636913619936,0.00046806473983451724,0.0003477285790722817,0.0003609923005569726,0.00011334360897308215,0.00018032554362434894,0.00014934080536477268,0.00041849337867461145],"Finger_Extension_List":[5.0,5.0,5.0,5.0,5.0,5.0,5.0,5.0,5.0,5.0,5.0,5.0,5.0,5.0,5.0,5.0,5.0,5.0,5.0,5.0,5.0,5.0,5.0,5.0,5.0,5.0,5.0,5.0,4.0,4.0,4.0,2.0,1.0,1.0,1.0,0.0,0.0,0.0,0.0,0.0,0.0,0.0,0.0,0.0,0.0,0.0,0.0,0.0,0.0,0.0,0.0],"Palm_Angle_List":[166.89804077148438,164.6660919189453,153.04379272460938,137.71237182617188,126.00202178955078,133.01991271972657,135.64231872558595,135.50958251953126,138.4078369140625,135.88238525390626,138.84677124023438,141.55624389648438,134.13636779785157,129.5032958984375,130.20973205566407,131.047607421875,132.67349243164063,136.14614868164063,132.03558349609376,127.74052429199219,0.0,127.95256042480469,131.07232666015626,132.55697631835938,140.2503204345703,0.0,145.08485412597657,145.41937255859376,137.4143524169922,136.8059844970703,125.85852813720703,149.70994567871095,160.4395294189453,169.1853790283203,163.2445831298828,149.7970428466797,166.14356994628907,152.0869598388672,143.70730590820313,165.29710388183595,118.98246002197266,77.7371597290039,86.69364929199219,104.10657501220703,44.46907043457031,21.425636291503908,29.825199127197267,15.743939399719239,15.803927421569825,152.7898406982422,61.41365432739258],"Movement_Rate_List":[0.008677968755364418,0.011325867846608162,0.014828423969447613,0.01611309126019478,0.020853621885180475,0.02780490554869175,0.028188183903694154,0.03373313322663307,0.0357382670044899,0.03438618406653404,0.036352500319480899,0.03845788538455963,0.034546203911304477,0.022617282345891,0.04029817879199982,0.035823218524456027,0.032616909593343738,0.05222756043076515,0.04986555874347687,0.04815798997879028,0.04815798997879028,0.04630593582987785,0.062170594930648807,0.06109185889363289,0.06163362041115761,0.06163362041115761,0.05552281066775322,0.05460966005921364,0.05833975598216057,0.05372096598148346,0.06092920899391174,0.04417509213089943,0.07917800545692444,0.07784576714038849,0.06529779732227326,0.04112987965345383,0.021721959114074708,0.03227238729596138,0.02660987712442875,0.02962835505604744,0.03987738490104675,0.05786963924765587,0.0767914280295372,0.02301689423620701,0.040647611021995547,0.0401814803481102,0.041628118604421619,0.013008944690227509,0.020875224843621255,0.01727595552802086,0.03418704867362976]}