{"gestureName":"zhangshou4","Palm_Movement_List":[0.20202110707759858,0.000272473698714748,0.0001354391424683854,0.00028641390963457525,0.00039135897532105446,0.0002183416800107807,0.00009497823339188471,0.00013781887537334114,0.00006935025885468349,0.000045065462472848594,0.00003679715155158192,0.000013431450497591868,0.000044783122575609013,0.00015028147026896477,0.0003458503633737564,0.0002591164375189692,0.0002686023071873933,0.0002911751507781446,0.0008953557116910815,0.00043314017239026725,0.0004397168231662363,0.0009452805388718844,0.0013487521791830659,0.005914660636335611,0.0030385248828679325,0.003107390133664012,0.0052473279647529129,0.0016229437896981836,0.0016219473909586669,0.0012500062584877015,0.0009618292097002268,0.001256827381439507,0.0015301760286092759,0.0008721440099179745,0.0008021590765565634,0.0008480708347633481,0.0016487730899825693,0.0007370976381935179,0.0006538412999361754,0.0007994225015863776,0.0004458232724573463,0.00013857611338607967,0.0003688627912197262,0.00023446923296432942,0.000287693488644436,0.00028244659188203514,0.00044485056423582137,0.0003842778387479484,0.00019918706675525755,0.0001001532218651846,0.0002013250777963549,0.0000820132700027898,0.00012086195783922449],"Finger_Extension_List":[0.0,0.0,0.0,0.0,0.0,0.0,0.0,0.0,0.0,0.0,0.0,0.0,0.0,0.0,0.0,0.0,0.0,0.0,0.0,0.0,0.0,0.0,0.0,1.0,1.0,1.0,1.0,1.0,2.0,3.0,5.0,5.0,5.0,5.0,5.0,5.0,5.0,5.0,5.0,5.0,5.0,5.0,5.0,5.0,5.0,5.0,5.0,5.0,5.0,5.0,5.0,5.0,5.0],"Palm_Angle_List":[162.9443359375,119.07548522949219,131.95895385742188,137.2748260498047,132.5578155517578,88.17359924316406,86.65413665771485,88.7733154296875,51.55022430419922,55.31538009643555,62.218414306640628,69.34154510498047,26.396671295166017,34.020572662353519,28.997940063476564,48.54972457885742,48.78424072265625,52.82255554199219,58.870574951171878,37.40870666503906,12.386598587036133,29.10599136352539,43.72848129272461,4.929507732391357,12.8652925491333,22.44448471069336,30.22898292541504,28.155668258666993,19.404752731323243,15.498942375183106,7.1094231605529789,35.02104187011719,35.06453323364258,33.77421188354492,19.691242218017579,20.725584030151368,7.8059492111206059,2.411027669906616,9.863224029541016,23.688766479492189,70.63822174072266,133.56390380859376,155.19398498535157,169.85604858398438,178.1759796142578,172.0609588623047,165.1177215576172,149.80747985839845,140.70616149902345,147.23794555664063,148.66464233398438,146.17031860351563,141.31129455566407],"Movement_Rate_List":[0.016915082931518556,0.015408072620630265,0.015500363893806935,0.01456898357719183,0.014315313659608364,0.012919156812131405,0.010895698331296444,0.006551208905875683,0.008076151832938195,0.00511547178030014,0.004297285340726376,0.0015431327046826482,0.005211651790887117,0.009587232023477555,0.01809389889240265,0.029258856549859048,0.030851924791932107,0.0343329980969429,0.05029395967721939,0.049843963235616687,0.05047149583697319,0.10995479673147202,0.08228347450494766,0.358920156955719,0.3495759069919586,0.35717159509658816,0.2760835886001587,0.18814729154109956,0.18585221469402314,0.14279329776763917,0.050074636936187747,0.08189371228218079,0.09406083077192307,0.10084912180900574,0.09052799642086029,0.09921253472566605,0.092184878885746,0.08266005665063858,0.07427561283111572,0.03788080811500549,0.019728070124983789,0.017498275265097619,0.023391108959913255,0.02718736045062542,0.03323689103126526,0.031607624143362048,0.021765602752566339,0.013848654925823212,0.011315520852804184,0.01158208679407835,0.010417165234684945,0.009579285979270935,0.005561345722526312]}