{"gestureName":"zhangshou6","Palm_Movement_List":[0.1615760624408722,0.0005522036226466298,0.00016976163897197694,0.00017201638547703624,0.00038692436646670103,0.00018381404515821487,0.0003606994869187474,0.00017900601960718632,0.00016489766130689532,0.0005090907216072083,0.00014819671923760325,0.00016270307241939008,0.00012110145326005295,0.000280803709756583,0.00030158995650708675,0.00017204215691890568,0.0001654670777497813,0.0007948025595396757,0.0006789062172174454,0.0006707055144943297,0.0010734848910942674,0.001427114475518465,0.0020168062765151264,0.0006879883585497737,0.002389837522059679,0.003977736458182335,0.002101536374539137,0.0013457101304084063,0.0026757437735795976,0.0011187170166522265,0.0010720109567046166,0.0009958025766536594,0.0009954527486115695,0.0010513120796531439,0.0015189271653071046,0.000792425824329257,0.0013504379894584418,0.0005697755259461701,0.00048497100942768157,0.0007168547599576414,0.0002565670001786202,0.00028848039801232517,0.00024927526828832924,0.00017469791055191308,0.0002639247686602175,0.000594922574236989,0.0002968344488181174,0.00027672690339386463,0.00046546009252779186,0.00013445552031043917,0.0002100790588883683,0.00004395466385176405],"Finger_Extension_List":[0.0,0.0,0.0,0.0,0.0,0.0,0.0,0.0,0.0,0.0,0.0,0.0,0.0,0.0,0.0,0.0,0.0,0.0,0.0,0.0,0.0,0.0,1.0,1.0,1.0,1.0,1.0,1.0,1.0,2.0,2.0,4.0,5.0,5.0,5.0,5.0,5.0,5.0,5.0,5.0,5.0,5.0,5.0,5.0,5.0,5.0,5.0,5.0,5.0,5.0,5.0,5.0],"Palm_Angle_List":[162.6243133544922,155.03392028808595,152.16123962402345,144.38046264648438,146.68545532226563,139.1435089111328,137.21824645996095,126.0353775024414,121.33000946044922,115.851318359375,120.36885070800781,96.97002410888672,114.69226837158203,113.07235717773438,98.13217163085938,170.61453247070313,139.35101318359376,130.0221710205078,112.59626770019531,109.45309448242188,109.16996765136719,113.9751205444336,45.8768424987793,26.486719131469728,18.286544799804689,32.04780197143555,46.33164978027344,33.127410888671878,31.205202102661134,25.91230583190918,23.262426376342775,30.6285457611084,46.44160461425781,56.8289909362793,35.48124313354492,27.341304779052736,8.847555160522461,15.763185501098633,14.752302169799805,22.572580337524415,32.80496597290039,40.72346496582031,86.0340805053711,127.30938720703125,146.43833923339845,151.26806640625,155.98565673828126,155.97500610351563,162.07330322265626,164.4291229248047,147.1366729736328,90.85468292236328],"Movement_Rate_List":[0.017115013673901559,0.018438132479786874,0.019733399152755739,0.019700879231095315,0.02228756994009018,0.020993757992982866,0.020951934158802034,0.020601855590939523,0.018838893622159959,0.0186702162027359,0.017230402678251268,0.018640976399183275,0.013939039781689644,0.016589466482400895,0.01595926471054554,0.019757013767957689,0.018839705735445024,0.04763505235314369,0.0769200548529625,0.08037297427654267,0.05048751085996628,0.09533429890871048,0.12311837822198868,0.07932668924331665,0.17625699937343598,0.2507714331150055,0.24175004661083222,0.15446822345256806,0.15727213025093079,0.12919598817825318,0.12376054376363754,0.1124807819724083,0.041590478271245959,0.07095905393362045,0.08870138972997666,0.09145089238882065,0.07517553865909577,0.06586409360170365,0.05561526492238045,0.036734532564878467,0.029341747984290124,0.012383791618049145,0.017137568444013597,0.01988212950527668,0.030543219298124315,0.03608909994363785,0.03470546379685402,0.031723249703645709,0.02257152646780014,0.017008179798722268,0.005717169493436813,0.005269661080092192]}