{"gestureName":"zhangshou15","Palm_Movement_List":[0.24148672819137574,0.00018418765102978796,0.00007931009167805314,0.00019683767459355295,0.00010791074601002038,0.00008073123899521306,0.00006538665911648422,0.00024536013370379806,0.00020113993377890438,0.00008863348193699494,0.0002718979958444834,0.00018324670963920653,0.00012301992683205754,0.00010119490616489202,0.00009785541624296457,0.000491515442263335,0.00021849211771041155,0.0005578764248639345,0.00025382774765603244,0.0004272277874406427,0.00128675508312881,0.000541148881893605,0.0002975246461573988,0.001887688646093011,0.0022140529472380878,0.00232604518532753,0.0013383403420448304,0.0014970608754083515,0.002681566635146737,0.0010443837381899357,0.0008871147874742746,0.0008759754127822816,0.0018263250822201372,0.001893439213745296,0.002406613202765584,0.001214962569065392,0.000909672409761697,0.001031111809425056,0.0016007928643375636,0.0008059280808083713,0.0008630390511825681,0.0013797623105347157,0.001189985778182745,0.001225359388627112,0.0011185312177985907,0.0004557587089948356,0.0003642498340923339,0.0002432981418678537,0.00023730864631943405,0.0001603536948096007,0.00006875608960399404,0.00008148857159540057,0.00012959889136254787,0.00006632452277699485],"Finger_Extension_List":[0.0,0.0,0.0,0.0,0.0,0.0,0.0,0.0,0.0,0.0,0.0,0.0,0.0,0.0,0.0,0.0,0.0,0.0,0.0,0.0,0.0,0.0,0.0,0.0,0.0,0.0,0.0,0.0,0.0,0.0,0.0,1.0,1.0,1.0,3.0,4.0,5.0,5.0,5.0,5.0,5.0,5.0,5.0,5.0,5.0,5.0,5.0,5.0,5.0,5.0,5.0,5.0,5.0,5.0],"Palm_Angle_List":[173.68466186523438,92.27655029296875,102.29080200195313,110.52277374267578,117.35848236083985,114.0160903930664,95.04664611816406,99.70946502685547,137.4750518798828,162.18887329101563,171.30384826660157,171.873779296875,165.3960723876953,164.5922393798828,151.82789611816407,163.4529266357422,148.656982421875,140.10601806640626,139.43362426757813,96.2353286743164,65.60267639160156,99.0462417602539,80.27714538574219,16.740192413330079,14.993668556213379,17.887126922607423,11.86373519897461,7.484930515289307,11.923802375793457,55.8691291809082,49.43892288208008,31.5280818939209,20.699281692504884,10.509440422058106,8.685413360595704,9.472536087036133,22.712783813476564,27.45022964477539,37.68000411987305,41.298484802246097,39.99604797363281,32.57619094848633,14.001340866088868,12.400585174560547,3.2315573692321779,3.291285276412964,10.767626762390137,19.16014862060547,41.25783157348633,91.64544677734375,149.48336791992188,158.81417846679688,165.3115692138672,169.6113739013672],"Movement_Rate_List":[0.012730885297060013,0.009957822971045971,0.009143306873738766,0.012560771778225899,0.012554189190268517,0.00932159461081028,0.007566259242594242,0.009382556192576886,0.012302182614803315,0.009946610778570176,0.01621338538825512,0.020766252651810647,0.014030943624675274,0.011987732723355294,0.011327479965984822,0.017353897914290429,0.02530870959162712,0.0371147058904171,0.02921685017645359,0.048274122178554538,0.06656168401241303,0.062086861580610278,0.0333736278116703,0.15915104746818543,0.10921803116798401,0.13673003017902375,0.15347911417484284,0.17199748754501344,0.13949376344680787,0.12040416896343231,0.10316531360149384,0.10058367252349854,0.09725076705217362,0.11134513467550278,0.1446651816368103,0.1403287798166275,0.10277681797742844,0.11718522012233734,0.0886850655078888,0.09419325739145279,0.09968116879463196,0.06451015919446945,0.06868068128824234,0.07200586795806885,0.06785480678081513,0.05268124118447304,0.041392214596271518,0.0275069959461689,0.010628476738929749,0.00628505228087306,0.007748482283204794,0.009347690269351006,0.007768519222736359,0.007641966920346022]}