{"gestureName":"zhangshou7","Palm_Movement_List":[0.1739950180053711,0.00007031000131973997,0.00010938918421743438,0.00005366073673940264,0.00005517413228517398,0.00005170312215341255,0.000046142438804963604,0.000049584741645958275,0.00009263587708119303,0.00004676710886997171,0.000049567453970666975,0.00004325841655372642,0.00004315634214435704,0.00004485468889470212,0.00003977374581154436,0.000044240769057068974,0.00009588813554728404,0.00005861745376023464,0.0000759925605962053,0.0000948806045926176,0.00013140130613464862,0.00013735718675889075,0.00013391629909165204,0.0002525105082895607,0.00008959897968452424,0.00009007201151689515,0.00014239572919905186,0.00014024208940099925,0.00037281407276168466,0.00048137566773220897,0.0004750120860990137,0.0003685031260829419,0.0003452468372415751,0.00035849306732416153,0.001250100671313703,0.0008564083254896104,0.0009770707692950965,0.0021119280718266966,0.0013076479081064463,0.0022683998104184868,0.0011863686377182603,0.0012391034979373217,0.0014006263809278608,0.0009712242754176259,0.0004892908036708832,0.0009297725046053529,0.0005557459662668407,0.0006486381753347814,0.0007482975488528609,0.0006268175202421844,0.00033694348530843854,0.0005887377774342895,0.0011551190400496126,0.0,0.0008123124716803432,0.00043003843165934086,0.0003472336975391954,0.0002995045797433704,0.0002595809637568891,0.00027332696481607854,0.0006183227524161339,0.0004460376803763211,0.0004209685430396348,0.0003622441436164081,0.0003547708911355585,0.0002851519384421408,0.00020050145394634455,0.00014452436880674213],"Finger_Extension_List":[0.0,0.0,0.0,0.0,0.0,0.0,0.0,0.0,0.0,0.0,0.0,0.0,0.0,0.0,0.0,0.0,0.0,0.0,0.0,0.0,0.0,0.0,0.0,0.0,0.0,0.0,0.0,0.0,0.0,0.0,0.0,1.0,1.0,1.0,1.0,1.0,1.0,1.0,1.0,1.0,1.0,1.0,1.0,1.0,1.0,2.0,2.0,2.0,2.0,3.0,4.0,5.0,5.0,5.0,5.0,5.0,5.0,5.0,5.0,5.0,5.0,5.0,5.0,5.0,5.0,5.0,5.0,5.0],"Palm_Angle_List":[167.71400451660157,53.3582763671875,45.33961486816406,44.48851776123047,43.69801330566406,54.983062744140628,62.28776168823242,69.48789978027344,66.7399673461914,59.85747528076172,61.54366683959961,53.56833267211914,64.14515686035156,52.29486083984375,58.742332458496097,24.76058006286621,39.77023696899414,85.50933074951172,97.25469207763672,78.3754653930664,73.13712310791016,81.94276428222656,88.60364532470703,98.18651580810547,91.0577621459961,85.22665405273438,50.456268310546878,93.38072204589844,92.21047973632813,68.67082214355469,40.745304107666019,33.59162139892578,35.773094177246097,31.513078689575197,29.087682723999025,30.717451095581056,38.99381637573242,47.2713623046875,49.69390869140625,49.21344757080078,41.632057189941409,53.35276412963867,56.15648651123047,62.20500564575195,44.03029251098633,30.94430923461914,15.471582412719727,25.694887161254884,37.4571418762207,39.23672866821289,10.178905487060547,44.865413665771487,53.998504638671878,0.0,80.88906860351563,80.96100616455078,69.46768951416016,77.31104278564453,51.08829879760742,55.47118377685547,32.601314544677737,32.47970962524414,30.35039710998535,27.764501571655275,33.57136154174805,28.21785545349121,29.20469093322754,36.61406326293945],"Movement_Rate_List":[0.003660760819911957,0.004104099702090025,0.005847246386110783,0.0060700043104588989,0.006550201680511236,0.00586902629584074,0.005195903591811657,0.005924743600189686,0.005048465449362993,0.00539590697735548,0.00569074647501111,0.005010408814996481,0.004904113244265318,0.005082511343061924,0.004726093728095293,0.005091979168355465,0.00589281041175127,0.006698367651551962,0.008815980516374112,0.010810140520334244,0.015229389071464539,0.015907222405076028,0.015301050618290902,0.013789947144687176,0.01031532883644104,0.010238895192742348,0.016254624351859094,0.016203580424189569,0.04334056377410889,0.05461519956588745,0.05517572537064552,0.02227501943707466,0.0410129576921463,0.04103769734501839,0.07841723412275315,0.09989649057388306,0.10814375430345535,0.12703754007816316,0.15154223144054414,0.12138214707374573,0.13783742487430573,0.14229540526866914,0.1580841988325119,0.11507441103458405,0.05612272769212723,0.060355350375175479,0.0629894882440567,0.07453702390193939,0.08720412105321884,0.07258997857570648,0.03937376290559769,0.06660577654838562,0.07045591622591019,0.07045591622591019,0.04581138491630554,0.04989432543516159,0.03992540389299393,0.03554142639040947,0.029918359592556955,0.031116973608732225,0.04077428951859474,0.051860079169273379,0.04868266358971596,0.04156084358692169,0.04135744646191597,0.032890819013118747,0.022730650380253793,0.016233213245868684]}