{"gestureName":"zhangshou12","Palm_Movement_List":[0.22069664299488069,0.0003712552133947611,0.00010807460057549179,0.00007003862992860377,0.00001267779680347303,0.000012748161680065095,0.00003011729677382391,0.00005704140858142637,0.00008097483078017831,0.00009259362559532747,0.00005156025872565806,0.00013181606482248753,0.00007119722431525588,0.00008441395038971677,0.00009273998875869438,0.00021608323731925339,0.0001509639114374295,0.0001468632835894823,0.00007343551988014951,0.00009426767792319879,0.00012947448703926057,0.0003499357553664595,0.00025793761597014964,0.00034019461600109935,0.0014238812727853656,0.0014659988228231669,0.000634427706245333,0.00040933300624601543,0.0007371032261289656,0.0012179816840216518,0.0014298541937023402,0.0025446314830332996,0.001082936068996787,0.0024680611677467825,0.004914012737572193,0.0007590751629322767,0.0006607132963836193,0.0010604815324768425,0.000586621172260493,0.0005522927385754883,0.0005499848630279303,0.00023710462846793234,0.00022503137006424367,0.00028928619576618075,0.0005594720714725554,0.00039125620969571173,0.0008955166558735073,0.0011974350782111288,0.000558838713914156,0.0006471188389696181],"Finger_Extension_List":[0.0,0.0,0.0,0.0,0.0,0.0,0.0,0.0,0.0,0.0,0.0,0.0,0.0,0.0,0.0,0.0,0.0,0.0,0.0,0.0,0.0,0.0,0.0,0.0,0.0,0.0,0.0,0.0,0.0,0.0,0.0,0.0,1.0,1.0,1.0,1.0,1.0,1.0,1.0,1.0,2.0,2.0,3.0,4.0,5.0,5.0,5.0,5.0,5.0,5.0],"Palm_Angle_List":[170.83499145507813,33.893211364746097,31.575475692749025,46.67474365234375,122.64940643310547,96.98239135742188,69.25215148925781,77.70730590820313,70.9350814819336,97.8249740600586,103.60635375976563,93.40892028808594,112.48120880126953,130.53892517089845,151.01235961914063,144.57102966308595,140.87185668945313,154.80245971679688,154.5514373779297,131.26022338867188,106.40528106689453,131.98777770996095,135.71151733398438,135.61627197265626,100.39419555664063,55.2536506652832,62.4215087890625,68.7547607421875,46.742637634277347,26.111801147460939,26.300203323364259,27.479265213012697,26.524734497070314,25.63632583618164,17.136302947998048,14.934284210205079,11.294577598571778,56.54834747314453,77.98059844970703,70.0370864868164,56.09015655517578,45.301475524902347,13.489290237426758,29.191648483276368,52.55244445800781,96.51900482177735,98.02801513671875,50.643348693847659,30.490083694458009,19.87392807006836],"Movement_Rate_List":[0.019029168412089349,0.013137555681169033,0.012418827973306179,0.002248764969408512,0.0015076767886057497,0.001476807869039476,0.001955765765160322,0.004041660111397505,0.004635580349713564,0.006088733673095703,0.005990128498524427,0.008290438912808895,0.008161128498613835,0.009708509780466557,0.01079999003559351,0.014270256273448468,0.007042132318019867,0.01026092004030943,0.008453738875687123,0.01059575192630291,0.01513488870114088,0.024311762303113939,0.02986309491097927,0.03913045674562454,0.09264162182807923,0.07488363981246948,0.03484616056084633,0.04553737863898277,0.08642274886369705,0.1380309909582138,0.169474795460701,0.15251991152763368,0.12423267215490341,0.10591908544301987,0.11003617942333222,0.09072356671094895,0.07523556798696518,0.0663473829627037,0.06792721152305603,0.03728518262505531,0.043314360082149509,0.026701580733060838,0.025973815470933915,0.03271084651350975,0.034972161054611209,0.045664746314287189,0.060997433960437778,0.06079285219311714,0.06354061514139176,0.07293277978897095]}