{"gestureName":"zhangshou5","Palm_Movement_List":[0.1810513436794281,0.0001019330375129357,0.00010748177010100335,0.00010991828457918018,0.000055855318350950256,0.00005246185537544079,0.00005109612175147049,0.0002035571524174884,0.00020559698168653995,0.00013806541392114013,0.00028861704049631953,0.00012273674656171352,0.0001316339912591502,0.00039184087654575706,0.0002685649960767478,0.00031095417216420174,0.0005983273731544614,0.0003972140548285097,0.00032376241870224476,0.0008997898548841476,0.00043589083361439407,0.0006551863043569028,0.0007731725345365703,0.002060989150777459,0.0012103952467441559,0.003726476803421974,0.0009608039981685579,0.0010823588818311692,0.0011285500368103386,0.0018067011842504144,0.0009491231176070869,0.001077366410754621,0.00155520043335855,0.00045485555892810225,0.00025210424792021513,0.0007440122426487505,0.00046509577077813447,0.0005930708139203489,0.0013545883120968938,0.0007255914388224483,0.0006747753941453993,0.0018814952345564962,0.0005599032738246024,0.0008929200121201575,0.00037070829421281815,0.00026628022897057235,0.00030600809259340167,0.0003187654947396368,0.00034550856798887253,0.0002629956870805472,0.00043478913721628487,0.00018113304395228624],"Finger_Extension_List":[0.0,0.0,0.0,0.0,0.0,0.0,0.0,0.0,0.0,0.0,0.0,0.0,0.0,0.0,0.0,0.0,1.0,1.0,1.0,1.0,1.0,1.0,1.0,1.0,1.0,1.0,1.0,1.0,1.0,1.0,1.0,2.0,3.0,5.0,5.0,5.0,5.0,5.0,5.0,5.0,5.0,5.0,5.0,5.0,5.0,5.0,5.0,5.0,5.0,5.0,5.0,5.0],"Palm_Angle_List":[168.55459594726563,138.01797485351563,139.25851440429688,136.79737854003907,130.31166076660157,121.50883483886719,136.22613525390626,153.72421264648438,153.2336883544922,144.31813049316407,144.66636657714845,136.7460479736328,146.92083740234376,158.52821350097657,156.45811462402345,160.9505157470703,142.58782958984376,125.18496704101563,90.76740264892578,69.35596466064453,55.65812301635742,8.844401359558106,3.0754895210266115,5.761297225952148,4.277411937713623,10.089780807495118,19.207937240600587,40.81688690185547,44.874942779541019,36.93170928955078,17.041259765625,9.467658042907715,5.207254886627197,8.532325744628907,95.38243103027344,80.42180633544922,53.70670700073242,38.42373275756836,32.49812316894531,27.669658660888673,22.875329971313478,9.25875473022461,2.849912405014038,12.642500877380371,27.1734561920166,24.55246925354004,20.622060775756837,17.02985954284668,28.45261573791504,94.97966003417969,133.6302032470703,150.8684844970703],"Movement_Rate_List":[0.004285913426429033,0.007146692369133234,0.007364772725850344,0.007421544753015041,0.00621767109259963,0.006284267641603947,0.005893100053071976,0.008078093640506268,0.013891952112317086,0.01577179506421089,0.016599612310528756,0.014387487433850766,0.014981931075453759,0.027739867568016053,0.031195061281323434,0.035056598484516147,0.034563638269901279,0.04686819389462471,0.037420544773340228,0.057119570672512057,0.04935900494456291,0.07748115807771683,0.09031496942043305,0.12344712764024735,0.13912349939346314,0.13620075583457948,0.11212499439716339,0.12450949847698212,0.1328653246164322,0.10261747986078263,0.10671334713697434,0.12716926634311677,0.07030026614665985,0.017910858616232873,0.029205812141299249,0.04864584654569626,0.05378689616918564,0.06663764268159867,0.07958091050386429,0.0864616185426712,0.078090600669384,0.06873120367527008,0.06462959945201874,0.04401926323771477,0.04431680589914322,0.030830340459942819,0.035176344215869907,0.03708769008517265,0.01653592474758625,0.01516549289226532,0.018086805939674379,0.020397698506712915]}