{"gestureName":"zhangshou14","Palm_Movement_List":[0.22762538492679597,0.0003052037791348994,0.0010768435895442963,0.0008857211214490235,0.000920737802516669,0.000986797851510346,0.00044775547576136887,0.000447750004241243,0.0009231898584403098,0.0005200254963710904,0.001002542325295508,0.0004665423766709864,0.0008598991553299129,0.001114626182243228,0.001339890994131565,0.00026836973847821355,0.00039687505341134965,0.0004400555044412613,0.0008237145375460386,0.002715874696150422,0.0038960366509854795,0.0033854348585009577,0.0015299917431548238,0.002582176821306348,0.0012900992296636105,0.0027775669004768135,0.0019307064358144999,0.0009874048409983516,0.0007425157818943262,0.0012828061589971185,0.0007877976167947054,0.0007294940296560526,0.0008248914964497089,0.0009040869772434235,0.0007090226281434298,0.0007222507847473025,0.0016272271750494838,0.0007005882798694074,0.0002959854027722031,0.00024134770501405,0.00023739052994642407,0.0004568792646750808,0.0002267099334858358,0.00036747395643033087,0.0003561100165825337,0.00017174378444906324,0.00011123628792120144,0.000287164089968428,0.0003557163290679455,0.0003913559194188565],"Finger_Extension_List":[0.0,0.0,0.0,0.0,0.0,0.0,0.0,0.0,0.0,0.0,0.0,0.0,0.0,0.0,0.0,0.0,0.0,0.0,0.0,0.0,1.0,1.0,1.0,1.0,1.0,3.0,5.0,5.0,5.0,5.0,5.0,5.0,5.0,5.0,5.0,5.0,5.0,5.0,5.0,5.0,5.0,5.0,5.0,5.0,5.0,5.0,5.0,5.0,5.0,5.0],"Palm_Angle_List":[169.64260864257813,154.27581787109376,159.71543884277345,165.14076232910157,159.74053955078126,158.8450927734375,151.4400634765625,153.26174926757813,156.34107971191407,162.91915893554688,157.17698669433595,142.0894775390625,111.66162109375,88.75289916992188,86.98020935058594,103.14250946044922,116.66607666015625,61.343746185302737,29.140165328979493,26.55425262451172,26.987600326538087,33.216915130615237,27.79550552368164,15.027239799499512,12.048205375671387,19.47398567199707,7.52720308303833,31.528154373168947,55.89208221435547,48.87959671020508,34.80509567260742,33.7816276550293,37.187896728515628,30.932584762573243,27.967025756835939,30.044315338134767,39.08612823486328,55.95270919799805,63.88914108276367,82.8890151977539,91.71578979492188,88.64131927490235,81.68199920654297,87.16434478759766,86.30048370361328,47.69883346557617,19.700504302978517,28.1422119140625,41.58274459838867,44.03248596191406],"Movement_Rate_List":[0.03189081326127052,0.03523612767457962,0.04613054171204567,0.05247605964541435,0.051371075212955478,0.06005416810512543,0.05192580819129944,0.05166619271039963,0.0576259046792984,0.05951246619224548,0.06346650421619415,0.052954964339733127,0.053374212235212329,0.07706759870052338,0.0799388512969017,0.030719980597496034,0.04568614810705185,0.04903681203722954,0.0955362543463707,0.1785898506641388,0.22535823285579682,0.1865984946489334,0.1775980293750763,0.14928323030471803,0.14385749399662019,0.15407483279705048,0.09050183743238449,0.06033369153738022,0.08416690677404404,0.0651262179017067,0.09067602455615998,0.0842081680893898,0.08451846241950989,0.09477702528238297,0.08401653170585633,0.0777788758277893,0.053495973348617557,0.04012257978320122,0.0331970751285553,0.029162388294935228,0.027257874608039857,0.02691059373319149,0.026007765904068948,0.01999269239604473,0.012670344673097134,0.010860283859074116,0.012834646739065647,0.017739171162247659,0.02114669419825077,0.0243795495480299]}