{"gestureName":"zhangshou10","Palm_Movement_List":[0.15857243537902833,0.00004568410440697335,0.00003583644502214156,0.00008605424227425829,0.00003122440102742985,0.00006283295078901574,0.00004537132190307602,0.00002816856613208074,0.000017220274457940832,0.0000035323091651662254,0.000010302250302629545,0.000012023361705360003,0.000008483472811349202,0.000018885917597799562,0.000043071075197076425,0.00003902137905242853,0.00014783874212298542,0.0000609681083005853,0.00004300928412703797,0.00011323351645842195,0.00013623372069559991,0.00011686312791425735,0.00016263406723737717,0.00028090819250792265,0.0005293040303513408,0.000987524981610477,0.0007672579376958311,0.0001731309457682073,0.00035031462903134525,0.0006129912217147648,0.0006252187304198742,0.0006608254043385387,0.0014077635714784265,0.0014193737879395486,0.001583103439770639,0.0008318113395944238,0.000895826960913837,0.000769894861150533,0.001205635373480618,0.00048392548342235386,0.00046462053433060646,0.0012015298707410694,0.0006289841257967055,0.00035697277053259313,0.0005617626011371613,0.0006278910441324115,0.0005849907174706459,0.0006106030195951462,0.0006913534016348422,0.001051607308909297,0.0010863366769626737,0.00026754039572551847,0.0011671505635604263],"Finger_Extension_List":[0.0,0.0,0.0,0.0,0.0,0.0,0.0,0.0,0.0,0.0,0.0,0.0,0.0,0.0,0.0,0.0,0.0,0.0,0.0,0.0,0.0,0.0,0.0,0.0,0.0,0.0,0.0,0.0,0.0,0.0,0.0,0.0,0.0,0.0,0.0,0.0,0.0,0.0,0.0,0.0,0.0,0.0,0.0,0.0,0.0,0.0,0.0,1.0,1.0,2.0,2.0,2.0,3.0],"Palm_Angle_List":[172.4956512451172,29.58882713317871,41.722286224365237,36.936012268066409,45.29681396484375,37.28277587890625,30.295604705810548,35.184139251708987,44.729835510253909,35.908145904541019,42.71217346191406,63.739810943603519,85.66837310791016,106.07778930664063,124.7126693725586,117.64385223388672,124.0284652709961,154.46981811523438,161.3659210205078,110.03208923339844,85.6779556274414,93.23817443847656,120.4612045288086,145.3235626220703,163.5841064453125,175.1871337890625,143.56658935546876,107.65628814697266,18.153892517089845,54.36381149291992,72.52423858642578,31.115217208862306,7.20225191116333,18.792083740234376,29.517332077026368,30.394243240356447,35.54254913330078,40.812705993652347,43.836585998535159,42.08730697631836,34.36800765991211,25.088279724121095,29.992637634277345,9.463629722595215,28.904264450073243,36.67374801635742,6.138076305389404,40.18478012084961,55.187660217285159,9.638249397277832,50.53350067138672,31.503572463989259,39.081119537353519],"Movement_Rate_List":[0.006012525409460068,0.00522385910153389,0.004161234479397535,0.005082553252577782,0.0034738436806946995,0.003290903754532337,0.0020618727430701257,0.0016648166347295046,0.0007806142675690353,0.00041013656300492585,0.0008235069690272212,0.0013833255507051945,0.0009751797770150006,0.0021614497527480127,0.0030782122630625965,0.004488776903599501,0.005704374983906746,0.0069943261332809929,0.0047587803564965729,0.009611962363123894,0.01560349203646183,0.01331745833158493,0.018406426534056665,0.03334122896194458,0.03192252665758133,0.06299205869436264,0.043634478002786639,0.01986520364880562,0.04134369641542435,0.041441697627305987,0.07229660451412201,0.07499130815267563,0.08190929144620896,0.08308301120996475,0.09344922751188278,0.09537912905216217,0.0999918207526207,0.09044785797595978,0.05579058453440666,0.05291684716939926,0.053252290934324267,0.044335879385471347,0.029223311692476274,0.04077721759676933,0.0644090473651886,0.07260529696941376,0.06732391566038132,0.06584738194942475,0.051242031157016757,0.04608872905373573,0.061707332730293277,0.02903611771762371,0.09365171939134598]}