{"gestureName":"zhangshou8","Palm_Movement_List":[0.16428671777248383,0.0001867138926172629,0.00008724594954401255,0.0001868441904662177,0.00010760157601907849,0.00026670945226214826,0.0002934833464678377,0.0004829152603633702,0.00023345761292148381,0.00022146329865790904,0.00026467800489626825,0.0006907315691933036,0.0003439220308791846,0.00041483508539386094,0.0004711785586550832,0.0007679506670683622,0.0008568160119466484,0.00026820143102668226,0.00021954083058517426,0.0005009440938010812,0.0,0.00030532883829437196,0.00016565140685997903,0.0005606680642813444,0.0007396540604531765,0.000146456019137986,0.0011876598000526429,0.0030373595654964449,0.0013545631663873792,0.00017482295515947044,0.00020192124065943062,0.00029441839433275163,0.00022174991318024695,0.001111784134991467,0.0004876946040894836,0.0007051645079627633,0.00026778579922392964,0.0006028267089277506,0.0010189325548708439,0.0003590099513530731,0.0003942119365092367,0.0003435740654822439,0.00037256875657476485,0.0001089567958842963,0.0002445888239890337,0.0008533489308319986,0.000277594750514254,0.0001145721907960251,0.00031215001945383847,0.00007913593435660005,0.00007721611473243684],"Finger_Extension_List":[0.0,0.0,0.0,0.0,0.0,0.0,0.0,0.0,0.0,0.0,0.0,0.0,0.0,0.0,0.0,0.0,0.0,0.0,0.0,0.0,0.0,1.0,1.0,1.0,1.0,1.0,1.0,1.0,1.0,1.0,1.0,1.0,1.0,1.0,1.0,1.0,1.0,1.0,2.0,2.0,4.0,5.0,5.0,5.0,5.0,5.0,5.0,5.0,5.0,5.0,5.0],"Palm_Angle_List":[168.13099670410157,106.28190612792969,97.18201446533203,103.17996978759766,120.00450134277344,136.3599090576172,152.91891479492188,136.14707946777345,102.17440795898438,126.62793731689453,137.52532958984376,116.79574584960938,68.97396087646485,19.184972763061525,4.631596565246582,28.93035316467285,74.49710083007813,54.56993865966797,32.48408126831055,22.14457130432129,0.0,56.57152557373047,22.126300811767579,50.82476806640625,65.56248474121094,120.43683624267578,154.29653930664063,94.01078796386719,150.16368103027345,103.5159683227539,29.058504104614259,53.4478874206543,50.87682342529297,19.37543487548828,3.870042324066162,15.178155899047852,43.48405456542969,85.8991928100586,83.52594757080078,43.23770523071289,36.565948486328128,56.5772590637207,84.57688903808594,91.0108871459961,94.9664306640625,42.852561950683597,66.16864776611328,82.5946273803711,75.40101623535156,80.72441864013672,39.71628189086914],"Movement_Rate_List":[0.011021389625966549,0.010155207477509976,0.010193605907261372,0.011973968707025051,0.012958383187651635,0.01729022152721882,0.016830481588840486,0.02452324703335762,0.026988811790943147,0.02539270743727684,0.030301345512270929,0.04220891371369362,0.04094335436820984,0.047605618834495547,0.05345747992396355,0.03893556445837021,0.03584814444184303,0.03044254146516323,0.02473474107682705,0.02732064574956894,0.02732064574956894,0.015740297734737397,0.019824104383587838,0.039490386843681338,0.04722289368510246,0.01669756881892681,0.08555721491575241,0.17294083535671235,0.06372305750846863,0.020171353593468667,0.013855607248842717,0.009729677811264992,0.025553066283464433,0.06604598462581635,0.056057605892419818,0.04235774278640747,0.030590401962399484,0.05640570446848869,0.029382377862930299,0.0407792329788208,0.04491978511214256,0.0399128757417202,0.042858533561229709,0.011433127336204052,0.02841746062040329,0.02609473094344139,0.011288071051239968,0.013414040207862854,0.01697695255279541,0.009186938405036927,0.008673309348523617]}