{"gestureName":"zhangshou3","Palm_Movement_List":[0.20593670010566712,0.00044881016947329044,0.0002272443671245128,0.0006513790576718748,0.0002054483484243974,0.00010582042159512639,0.00007600633398396894,0.00015834900841582566,0.0001751329400576651,0.00009840790880843997,0.00023252394748851657,0.0002712231653276831,0.00031172664603218436,0.00017669987573754042,0.0001903658703668043,0.00047514165635220706,0.00033143110340461135,0.001180381397716701,0.002411253983154893,0.0006989060784690082,0.0018164189532399178,0.0077325827442109589,0.00270724855363369,0.003093516454100609,0.005709277931600809,0.0019515916937962175,0.0026844125241041185,0.0004043296503368765,0.00020120241970289499,0.00013428957026917487,0.00026182018336839974,0.0003240728110540658,0.000572641147300601,0.00017276029393542558,0.00028468816890381277,0.0003113080747425556,0.0001955105399247259,0.00025569109129719436,0.0006269330624490976,0.0,0.0007274922681972384,0.0008008987060748041,0.000970475550275296,0.0006448994390666485,0.0005053679924458265,0.00039727584226056933,0.0002900889958254993,0.000127103048725985],"Finger_Extension_List":[0.0,0.0,0.0,0.0,0.0,0.0,0.0,0.0,0.0,0.0,0.0,0.0,0.0,0.0,0.0,0.0,0.0,0.0,1.0,1.0,1.0,2.0,5.0,5.0,5.0,5.0,5.0,5.0,5.0,5.0,5.0,5.0,5.0,5.0,5.0,5.0,5.0,5.0,5.0,5.0,5.0,5.0,5.0,5.0,5.0,5.0,5.0,5.0],"Palm_Angle_List":[159.4416046142578,35.912193298339847,34.65898132324219,37.377315521240237,47.75109100341797,47.595088958740237,54.40323257446289,95.93069458007813,124.3406982421875,128.3990478515625,135.28114318847657,145.84432983398438,147.8615264892578,147.52659606933595,147.92376708984376,151.36415100097657,160.57577514648438,156.1450958251953,136.95115661621095,48.03466796875,26.199819564819337,25.585256576538087,14.210536003112793,13.071630477905274,13.912675857543946,7.1099748611450199,33.686676025390628,42.794097900390628,48.7149658203125,142.48207092285157,127.59782409667969,130.57176208496095,131.80125427246095,123.70756530761719,114.76805114746094,104.54866790771485,109.94669342041016,96.51522827148438,84.94652557373047,0.0,79.43907165527344,69.15104675292969,59.24103927612305,52.97783660888672,54.34701919555664,56.74974060058594,62.374210357666019,59.48574447631836],"Movement_Rate_List":[0.02690913714468479,0.025177590548992158,0.025430794805288316,0.014644443057477475,0.011737116612493992,0.011925822123885155,0.008719004690647126,0.008652733638882637,0.011079696007072926,0.011355067603290081,0.013137293979525566,0.012452526949346066,0.022975599393248559,0.026943927630782129,0.022075233981013299,0.02830727957189083,0.03874027356505394,0.08428417146205902,0.10950727760791779,0.0803067684173584,0.2068122923374176,0.556535542011261,0.31337445974349978,0.35566094517707827,0.27637097239494326,0.22316597402095796,0.06279630213975907,0.045346759259700778,0.0025888895615935327,0.015584309585392475,0.029725713655352594,0.03772591054439545,0.03160363808274269,0.02064725011587143,0.016074569895863534,0.018323933705687524,0.02244618348777294,0.029281847178936006,0.039257317781448367,0.039257317781448367,0.043136827647686008,0.04209146276116371,0.035909272730350497,0.03605199605226517,0.027363471686840059,0.02257939986884594,0.015300559811294079,0.014527002349495888]}