{"gestureName":"zhangshou1","Palm_Movement_List":[0.20577631890773774,0.0001087334894691594,0.00002685817889869213,0.00006866047624498606,0.00018965569324791431,0.00010770835069706663,0.0005342818330973387,0.00033078264095820487,0.00023910067102406174,0.00030997704016044736,0.0002994902606587857,0.001749631599523127,0.0006923749460838735,0.0008776840404607356,0.0036459951661527158,0.005763841327279806,0.0022700747940689327,0.00446501886472106,0.004579110536724329,0.0036596939899027349,0.0019752623047679664,0.0010273541556671262,0.0008250193786807358,0.0009925839258357883,0.002144493395462632,0.0018764089327305556,0.0013844039058312774,0.0006084740743972361,0.0011587353656068445,0.0011082928394898773,0.0005440300446934998,0.000525233568623662,0.0009328728192485869,0.00037371728103607893,0.0002397342468611896,0.0001828790846047923,0.00010859651956707239,0.00018342016846872866,0.0002463864511810243,0.00012567352678161114,0.00033457326935604215,0.00020463831606321037,0.0005444171838462353,0.001248879823833704,0.0011226178612560034,0.0018304013647139073,0.0005613762768916786],"Finger_Extension_List":[0.0,0.0,0.0,0.0,0.0,0.0,0.0,0.0,0.0,0.0,0.0,0.0,0.0,0.0,1.0,1.0,2.0,5.0,5.0,5.0,5.0,5.0,5.0,5.0,5.0,5.0,5.0,5.0,5.0,5.0,5.0,5.0,5.0,5.0,5.0,5.0,5.0,5.0,5.0,5.0,5.0,5.0,5.0,5.0,5.0,5.0,5.0],"Palm_Angle_List":[147.4002685546875,81.46476745605469,15.364850044250489,40.95250701904297,47.777976989746097,51.46607208251953,63.28274917602539,61.56219482421875,63.2786979675293,71.4350357055664,103.02584075927735,120.55097198486328,98.0976333618164,63.18240737915039,25.637975692749025,38.1600456237793,35.6861686706543,43.293453216552737,47.014617919921878,50.2463264465332,58.742591857910159,123.32671356201172,157.21876525878907,164.1165771484375,166.06494140625,168.04177856445313,169.8437957763672,161.07640075683595,156.08966064453126,154.6400604248047,155.49246215820313,155.4876251220703,157.784912109375,160.8785400390625,153.11180114746095,145.0464630126953,122.95114135742188,86.43216705322266,27.019371032714845,7.788807392120361,12.577692985534668,12.354924201965332,10.05553150177002,16.56378746032715,19.25555419921875,18.22226333618164,18.55506706237793],"Movement_Rate_List":[0.012079277075827122,0.0028210747987031938,0.003078232053667307,0.007793250493705273,0.011615777388215065,0.012463418766856194,0.01371363177895546,0.023561852052807809,0.027584662660956384,0.03538088873028755,0.034808672964572909,0.12162663042545319,0.08104605972766876,0.08488590270280838,0.28960663080215456,0.315165251493454,0.25822749733924868,0.2741648256778717,0.2708479166030884,0.17130576074123383,0.08056768029928208,0.07413383573293686,0.09465524554252625,0.11274300515651703,0.12409716099500656,0.10543541610240936,0.07431360334157944,0.07247014343738556,0.066431924700737,0.06418901681900025,0.06382210552692414,0.057637643069028857,0.04951216280460358,0.043628524988889697,0.026885682716965677,0.021454961970448495,0.012495094910264016,0.011404668912291527,0.014054466970264912,0.014389616437256337,0.01965046301484108,0.0247575044631958,0.03578190505504608,0.053695984184741977,0.06417546421289444,0.0696699321269989,0.06482306122779846]}