{"gestureName":"zhangshou11","Palm_Movement_List":[0.15296269953250886,0.0003087830846197903,0.0002857730141840875,0.0001610323815839365,0.000059703252190956846,0.00009463495371164754,0.00007641426054760814,0.00005115599560667761,0.00019146226986777037,0.00020168923947494477,0.00025282512069679797,0.0001353200786979869,0.0001871686545200646,0.0004209328908473253,0.0002778508060146123,0.00032756951986812055,0.0008553481893613935,0.0007576714851893485,0.00036813216865994036,0.0009582724887877703,0.0004338916623964906,0.0005111698992550373,0.00020530125766526908,0.00013398659939412028,0.0014723405474796892,0.001426187576726079,0.0009640546631999314,0.0014770148554816843,0.00030602121842093766,0.00014571625797543675,0.0004444060323294252,0.0002700465265661478,0.00150736712384969,0.0005423227557912469,0.000633490621112287,0.000722209457308054,0.0008011735626496375,0.000797819287981838,0.0017757939640432597,0.0005812981398776174,0.0014137178659439087,0.001955257263034582,0.00044905574759468436,0.0004465692036319524,0.00042901281267404556,0.0008714531431905925,0.0007142876856960356,0.0016915531596168876,0.0011618504067882896,0.00021804658172186464],"Finger_Extension_List":[0.0,0.0,0.0,0.0,0.0,0.0,0.0,0.0,0.0,0.0,0.0,0.0,0.0,0.0,0.0,0.0,0.0,0.0,0.0,0.0,0.0,0.0,0.0,0.0,0.0,0.0,0.0,0.0,0.0,0.0,0.0,0.0,0.0,0.0,0.0,0.0,0.0,0.0,0.0,0.0,1.0,1.0,1.0,1.0,1.0,1.0,1.0,3.0,4.0,5.0],"Palm_Angle_List":[170.87843322753907,154.9112548828125,144.07504272460938,139.72518920898438,126.58494567871094,75.95730590820313,59.36627197265625,36.68638229370117,42.1964225769043,45.87803268432617,44.24205017089844,49.83728790283203,41.24043273925781,48.2800178527832,46.72086715698242,36.992462158203128,33.77973556518555,41.23017501831055,38.38915252685547,25.949487686157228,29.738862991333009,39.71963119506836,54.54930114746094,63.827571868896487,52.422447204589847,55.970577239990237,51.02950668334961,50.06231689453125,43.65712356567383,20.341796875,95.74040985107422,26.411026000976564,56.790679931640628,26.724348068237306,19.750246047973634,28.162031173706056,26.06173324584961,39.32868576049805,35.22201156616211,32.313411712646487,69.8524169921875,110.06543731689453,79.59237670898438,71.64554595947266,57.96402359008789,43.959930419921878,51.765663146972659,47.29551696777344,22.949522018432618,58.94736099243164],"Movement_Rate_List":[0.012305004522204399,0.011092961765825749,0.011616198346018792,0.00784316100180149,0.006925470195710659,0.005424776580184698,0.003917074296623468,0.00619457196444273,0.012491453438997269,0.011524736881256104,0.015746964141726495,0.015347717329859734,0.022018803283572198,0.028893951326608659,0.03208702430129051,0.03724587336182594,0.049969952553510669,0.04217749089002609,0.04201849177479744,0.05599115788936615,0.05128117650747299,0.02233082428574562,0.02364918775856495,0.015228058211505413,0.06834371387958527,0.10336235165596008,0.11125794053077698,0.07741754502058029,0.03591475263237953,0.01648499071598053,0.028998928144574167,0.03068864531815052,0.05994299799203873,0.06233598291873932,0.07213444262742996,0.08242567628622055,0.09345325082540512,0.09364092350006104,0.09399883449077606,0.06691624224185944,0.06071991100907326,0.07929231226444245,0.05336378142237663,0.0512889102101326,0.0496361143887043,0.054771341383457187,0.07379642128944397,0.07255841046571732,0.06403540819883347,0.025082902982831]}