{"gestureName":"zhangshou2","Palm_Movement_List":[0.1460925191640854,0.00016138747741933912,0.00020223156025167555,0.00007840964099159464,0.00022454909048974514,0.0002298283070558682,0.00025452187401242554,0.0001272610097657889,0.00023364942171610892,0.0002024166751652956,0.00008144640014506876,0.00004953011011821218,0.00006519221642520279,0.00003773954085772857,0.00004874708247371018,0.00007224900764413178,0.0001763521577231586,0.00042087529436685145,0.0002369575813645497,0.00023223647440318018,0.0002932248171418905,0.0004765406483784318,0.00044142096885479987,0.001095595071092248,0.002404354512691498,0.0043996055610477928,0.004054879769682884,0.004682568367570639,0.007726146839559078,0.002407717052847147,0.0025180194061249496,0.0017518199747428299,0.003609918989241123,0.0019996718037873508,0.000926199194509536,0.00024565975763835013,0.00024307097191922367,0.0004047680413350463,0.0009989332174882293,0.0005576914409175515,0.001077815773896873,0.0005230888491496444,0.0014438619837164879,0.000690485758241266,0.0002686342631932348,0.0002253154234495014,0.00020008417777717113,0.00009281507664127275,0.00015758367953822017,0.00008156612602761015,0.00020988198230043054],"Finger_Extension_List":[0.0,0.0,0.0,0.0,0.0,0.0,0.0,0.0,0.0,0.0,0.0,0.0,0.0,0.0,0.0,0.0,0.0,0.0,0.0,0.0,0.0,0.0,0.0,0.0,0.0,0.0,1.0,1.0,2.0,5.0,5.0,5.0,5.0,5.0,5.0,5.0,5.0,5.0,5.0,5.0,5.0,5.0,5.0,5.0,5.0,5.0,5.0,5.0,5.0,5.0,5.0],"Palm_Angle_List":[166.81170654296876,143.3207550048828,137.325439453125,132.1767578125,140.9396514892578,135.63356018066407,134.29342651367188,140.4795684814453,144.3035888671875,150.65565490722657,140.03219604492188,141.49118041992188,113.53545379638672,94.39312744140625,80.88922119140625,72.01595306396485,73.16779327392578,51.15597152709961,50.21873474121094,61.00764465332031,65.39541625976563,139.95492553710938,150.7730712890625,161.89035034179688,117.39205932617188,122.52598571777344,70.59534454345703,63.795047760009769,45.073387145996097,33.04924392700195,10.843877792358399,25.466379165649415,61.620582580566409,64.71491241455078,73.84801483154297,128.88853454589845,148.8754425048828,159.94850158691407,157.9342041015625,158.2059783935547,163.0095672607422,163.8289794921875,163.8455047607422,155.85870361328126,157.999755859375,155.86607360839845,155.97314453125,142.73374938964845,110.23107147216797,73.40878295898438,58.506500244140628],"Movement_Rate_List":[0.005778313148766756,0.00695985509082675,0.0057511175982654099,0.010888109914958477,0.013055947609245777,0.013097340241074562,0.015386947430670262,0.01462733093649149,0.013055232353508473,0.011321090161800385,0.009375843219459057,0.005704461131244898,0.0035914184991270305,0.0044387225061655048,0.005672196391969919,0.008357220329344273,0.010194159112870694,0.019933320581912996,0.032380878925323489,0.027289927005767823,0.033727120608091357,0.03599177300930023,0.05223942920565605,0.1263965219259262,0.17301566898822785,0.2282668799161911,0.3430578410625458,0.5415257215499878,0.3375234603881836,0.2852412760257721,0.289793998003006,0.19645804166793824,0.20414701104164124,0.08240719884634018,0.04352262616157532,0.02814919501543045,0.02707594446837902,0.047688305377960208,0.06310466676950455,0.06180884316563606,0.06545112282037735,0.06091558188199997,0.050541315227746966,0.03668336942791939,0.03187831863760948,0.025670964270830156,0.022176632657647134,0.011274097487330437,0.009402718394994736,0.008794914931058884,0.0163436159491539]}