{"gestureName":"zhangshou9","Palm_Movement_List":[0.16096699237823487,0.00018940807785838842,0.00010474487498868257,0.0002144778409274295,0.00011445081327110529,0.00011984344746451825,0.00013877828314434737,0.00013947987463325262,0.0005028094747103751,0.0004901890642940998,0.00012132564734201878,0.00012108179362257943,0.00010228282189927995,0.00010632696648826823,0.0001495695614721626,0.0000611587383900769,0.00007972079038154334,0.0000640565631329082,0.00003807230314123444,0.000038679161662003025,0.00008587929187342525,0.000038981317629804835,0.00010118065256392583,0.000034260054235346615,0.00012776740186382085,0.00012384673755150288,0.00009518324077362195,0.0001454301382182166,0.00012486627383623272,0.00013575065531767905,0.0003882262681145221,0.00038174077053554356,0.001254974864423275,0.0005778803606517613,0.0012534173438325525,0.00036848787567578256,0.0005035412032157183,0.000392249901778996,0.0006467652856372297,0.001968041993677616,0.0027385095600038769,0.0014990638010203839,0.0027857476379722358,0.0014345621457323433,0.0014236754504963756,0.0014577204128727317,0.002777962712571025,0.0022674351930618288,0.002079277765005827,0.0021796750370413067,0.0002939751138910651,0.0002669899258762598,0.00019822973990812898],"Finger_Extension_List":[0.0,0.0,0.0,0.0,0.0,0.0,0.0,0.0,0.0,0.0,0.0,0.0,0.0,0.0,0.0,0.0,0.0,0.0,0.0,0.0,0.0,0.0,0.0,0.0,0.0,0.0,0.0,0.0,0.0,0.0,0.0,0.0,0.0,0.0,0.0,0.0,0.0,0.0,0.0,0.0,1.0,1.0,1.0,1.0,1.0,1.0,1.0,1.0,1.0,2.0,2.0,2.0,2.0],"Palm_Angle_List":[169.08404541015626,114.76206970214844,122.83069610595703,118.40528106689453,120.67997741699219,125.31350708007813,139.9773712158203,140.474365234375,153.68423461914063,153.50082397460938,145.18991088867188,147.55105590820313,143.20993041992188,142.606201171875,141.80929565429688,137.2731475830078,154.13414001464845,155.70301818847657,158.2440643310547,171.17710876464845,168.7743682861328,166.6213836669922,167.84922790527345,164.08265686035157,161.2232666015625,86.95150756835938,85.34854125976563,74.50093078613281,96.33072662353516,107.33223724365235,157.68910217285157,173.93931579589845,176.27490234375,176.71055603027345,137.71986389160157,135.5501708984375,123.13660430908203,84.51747131347656,17.984439849853517,6.576498985290527,23.383790969848634,28.744218826293947,30.591157913208009,26.37833023071289,18.168312072753908,20.58988380432129,23.281511306762697,31.249757766723634,41.750205993652347,47.4980354309082,68.48271179199219,84.61019897460938,95.0846176147461],"Movement_Rate_List":[0.00992508139461279,0.011341910809278489,0.012151064351201058,0.012835587374866009,0.013183867558836937,0.013917429372668267,0.01598493568599224,0.015963654965162278,0.019995979964733125,0.016371097415685655,0.015708323568105699,0.013827384449541569,0.012064383365213871,0.0123996427282691,0.0065924921073019508,0.007080049254000187,0.0038335719145834448,0.00454093050211668,0.0045740059576928619,0.004455226007848978,0.0042211320251226429,0.00475505692884326,0.005761616863310337,0.0039034171495586635,0.004412174224853516,0.009065374732017517,0.011000111699104309,0.016791874542832376,0.014155910350382328,0.015874771401286126,0.0332997590303421,0.04320378229022026,0.04615398868918419,0.06627876311540604,0.06331953406333924,0.04226263239979744,0.058620065450668338,0.04501897096633911,0.07500459253787995,0.13478562235832215,0.16590958833694459,0.17358405888080598,0.1591147482395172,0.16613446176052094,0.16072103381156922,0.17286011576652528,0.15144889056682588,0.13434530794620515,0.11517779529094696,0.05686703324317932,0.03517219051718712,0.02596944384276867,0.022921983152627946]}