{"gestureName":"zhangshou","Palm_Movement_List":[0.15706533193588258,0.00011875489872181788,0.00008749837434152141,0.00012104021152481437,0.00004792668914888054,0.00007011705019976944,0.00023778877221047878,0.0001497189950896427,0.00015387736493721604,0.0006124782958067954,0.0004812687693629414,0.00024901569122448564,0.000556468905415386,0.0005626827478408814,0.0009171630954369903,0.001337892492301762,0.0009507981594651938,0.0029799328185617925,0.002216958673670888,0.0019629159942269327,0.006120291072875261,0.006093078758567572,0.0020810794085264208,0.0016472572460770608,0.0016299894778057933,0.0038190775085240604,0.0022645622957497837,0.0,0.0016154396580532194,0.0009334852220490575,0.0,0.0022809463553130628,0.0012051818193867803,0.0018359813839197159,0.0011922206031158567,0.000517911568749696,0.0004715837421827018,0.0004367023357190192,0.00035953224869444966,0.0007157226791605353,0.00033294555032625794,0.0005804516258649528,0.00016553368186578155,0.00009277073695557192,0.00013108520943205804,0.00015293537580873817,0.0004001666675321758,0.00024326286802534014,0.0002382116363150999,0.0005064080469310284],"Finger_Extension_List":[0.0,0.0,0.0,0.0,0.0,0.0,0.0,0.0,0.0,0.0,0.0,0.0,0.0,0.0,0.0,0.0,0.0,0.0,0.0,1.0,1.0,5.0,5.0,5.0,5.0,5.0,5.0,5.0,5.0,5.0,5.0,5.0,5.0,5.0,5.0,5.0,5.0,5.0,5.0,5.0,5.0,5.0,5.0,5.0,5.0,5.0,5.0,5.0,5.0,5.0],"Palm_Angle_List":[169.99417114257813,107.56426239013672,105.68030548095703,112.13790893554688,63.422515869140628,45.63831329345703,28.01409149169922,18.013164520263673,17.602876663208009,18.454633712768556,17.94626235961914,27.9859676361084,38.86507034301758,50.73155212402344,34.85957336425781,36.1215705871582,82.71504211425781,69.57413482666016,81.83267211914063,64.8656005859375,36.66098403930664,10.27111530303955,24.081302642822267,14.407441139221192,16.72200584411621,30.020593643188478,46.88844680786133,0.0,106.02808380126953,143.0431365966797,0.0,154.83656311035157,152.258544921875,152.162353515625,151.8594207763672,151.40145874023438,152.1389923095703,150.6107177734375,152.0780792236328,151.5531463623047,147.54107666015626,134.4323272705078,76.4378890991211,30.775907516479493,17.818374633789064,10.359969139099121,1.8322689533233643,4.5784687995910648,6.909839153289795,9.625757217407227],"Movement_Rate_List":[0.007245359476655722,0.0065055419690907,0.004789849277585745,0.005046007689088583,0.005616708192974329,0.008717193268239499,0.014490514062345028,0.017223047092556955,0.01726732961833477,0.023254644125699998,0.029236003756523134,0.02863563597202301,0.038568075746297839,0.06525403261184693,0.10397400707006455,0.1457405835390091,0.09630259871482849,0.1828429102897644,0.21611276268959046,0.22885841131210328,0.3045681118965149,0.21530741453170777,0.22127215564250947,0.17228998243808747,0.1828366219997406,0.1836773157119751,0.11471430957317352,0.11471430957317352,0.0732162594795227,0.09365703910589218,0.09365703910589218,0.0815645232796669,0.10630404204130173,0.08239837735891342,0.050915688276290897,0.05936654657125473,0.05851529538631439,0.05812467262148857,0.04002581164240837,0.035588588565588,0.04016121104359627,0.015146641992032528,0.008486362174153328,0.010669192299246788,0.014988888055086136,0.017614396288990976,0.02493106573820114,0.02754666842520237,0.02758215367794037,0.028765402734279634]}