{"gestureName":"zhangshou13","Palm_Movement_List":[0.16726741194725038,0.00011755536979762837,0.00017976459639612585,0.00006613285950152203,0.00012532362597994506,0.00006404693704098463,0.00013200832472648472,0.00013305626634974033,0.0001104787370422855,0.00015035471005830914,0.0001029884660965763,0.00012257052003405988,0.0002987789048347622,0.00017253861005883664,0.0001656849926803261,0.00014812053996138275,0.0002660700702108443,0.0001841997291194275,0.0002327367983525619,0.00014496433141175658,0.00015544870984740555,0.00016829489322844893,0.00036351062590256333,0.00019511031860020012,0.0001936896878760308,0.00042335601756349206,0.0005135097308084369,0.0007486544782295823,0.0004599564999807626,0.0004385749634820968,0.000935699325054884,0.00046010781079530716,0.00045581776066683233,0.000983178149908781,0.0010860133916139603,0.0011244735214859248,0.0005815882468596101,0.0006303358823060989,0.0006918616127222776,0.0006973097333684564,0.0005341515643522143,0.000729808525647968,0.0004601046093739569,0.0011168495984748006,0.0013341705780476332,0.0005679121823050082,0.0009983422933146358,0.0024416050873696806,0.0013307638000696898,0.0015903536695986987,0.0024038259871304037],"Finger_Extension_List":[0.0,0.0,0.0,0.0,0.0,0.0,0.0,0.0,0.0,0.0,0.0,0.0,0.0,0.0,0.0,0.0,0.0,0.0,0.0,0.0,0.0,0.0,0.0,0.0,0.0,0.0,0.0,0.0,0.0,0.0,0.0,0.0,0.0,0.0,0.0,0.0,0.0,0.0,0.0,0.0,0.0,0.0,0.0,0.0,0.0,0.0,0.0,0.0,0.0,0.0,0.0],"Palm_Angle_List":[170.6993408203125,55.714603424072269,64.08145904541016,54.72515869140625,70.15580749511719,67.656005859375,65.68989562988281,51.86468505859375,33.155609130859378,48.56005859375,64.15463256835938,58.1221923828125,53.66910171508789,50.56452941894531,52.96476364135742,55.11577606201172,54.66865539550781,84.75042724609375,118.022705078125,116.77155303955078,131.15301513671876,127.72799682617188,129.74090576171876,130.57696533203126,133.8936309814453,142.31845092773438,143.91078186035157,156.52479553222657,160.43524169921876,159.11224365234376,158.9263153076172,153.6661376953125,150.60031127929688,145.5002899169922,137.24508666992188,131.2332000732422,136.39736938476563,142.07763671875,142.1397705078125,124.72113037109375,116.33840942382813,59.636375427246097,22.609909057617189,13.544506072998047,27.439279556274415,24.861440658569337,30.808794021606447,26.167333602905275,17.323528289794923,9.064448356628418,11.375564575195313],"Movement_Rate_List":[0.00599264120683074,0.007122760638594627,0.007096202112734318,0.007613723631948233,0.007156773004680872,0.00734365452080965,0.007535899057984352,0.007986573502421379,0.006878675427287817,0.009489391930401326,0.011954294517636299,0.014133496209979058,0.01861024647951126,0.019790971651673318,0.018599191680550576,0.017703916877508165,0.01356422994285822,0.011575276032090187,0.015041922219097615,0.016821201890707017,0.017823683097958566,0.019404930993914605,0.021027537062764169,0.023413581773638727,0.022260552272200586,0.02371363714337349,0.030778421089053155,0.046679798513650897,0.050495997071266177,0.051930978894233707,0.053115181624889377,0.05477970093488693,0.05259381979703903,0.056673455983400348,0.06811258941888809,0.06416972726583481,0.0672670230269432,0.0719815120100975,0.07814813405275345,0.08270907402038574,0.06185140088200569,0.04313157498836517,0.05296443775296211,0.0413932129740715,0.08349761366844177,0.06775444746017456,0.11395187675952912,0.1509033739566803,0.15443319082260133,0.1849253922700882,0.12055833637714386]}