{"gestureName":"zuoutoyou9","Palm_Movement_List":[0.19630232453346253,0.00015086484199855477,0.00013727840268984437,0.00007492447184631601,0.00007890025153756142,0.00013079449126962572,0.00022107236145529896,0.000231366662774235,0.000137985625769943,0.00019540723587851971,0.00023167651670519263,0.000261780311120674,0.0005859849043190479,0.0003119203320238739,0.0006790253682993352,0.0007752497331239283,0.00044698937563225627,0.0004603760608006269,0.0010844898642972112,0.0006265284027904272,0.0006845025927759707,0.0007209565956145525,0.0017005505505949259,0.002191173145547509,0.002750629559159279,0.0017537683015689254,0.001972517231479287,0.002378585282713175,0.005654940381646156,0.003326606471091509,0.01839943788945675,0.019373111426830293,0.008604886010289193,0.018977707251906396,0.009069710038602353,0.008771987631917,0.02018490992486477,0.011451485566794873,0.03206605464220047,0.008988563902676106,0.01576841250061989,0.013257374987006188,0.010811977088451386,0.004508296027779579,0.010782847180962563,0.004756552167236805,0.003247769782319665],"Finger_Extension_List":[5.0,5.0,5.0,5.0,5.0,5.0,5.0,5.0,5.0,5.0,5.0,5.0,5.0,5.0,5.0,5.0,5.0,5.0,5.0,5.0,5.0,5.0,5.0,5.0,5.0,5.0,5.0,5.0,5.0,5.0,5.0,5.0,5.0,5.0,5.0,5.0,5.0,5.0,5.0,5.0,5.0,5.0,5.0,5.0,5.0,5.0,5.0],"Palm_Angle_List":[133.919921875,23.58011245727539,42.382408142089847,37.4636116027832,21.127077102661134,38.9935188293457,89.93048858642578,116.714599609375,126.13069915771485,135.26206970214845,124.0485610961914,120.52528381347656,135.30406188964845,139.81166076660157,139.7043914794922,136.92819213867188,129.23709106445313,125.00267028808594,123.07774353027344,130.99386596679688,131.23202514648438,133.72348022460938,124.27828216552735,116.2537841796875,113.62030029296875,113.3768310546875,114.46464538574219,109.32203674316406,111.11172485351563,112.74577331542969,101.12220764160156,98.15828704833985,98.2305679321289,89.80362701416016,95.02163696289063,91.74217224121094,91.59524536132813,90.50064849853516,86.29304504394531,86.84720611572266,87.24476623535156,81.46732330322266,80.99996948242188,86.2240982055664,84.58123779296875,85.73468780517578,88.18109130859375],"Movement_Rate_List":[0.008687760680913926,0.008929594419896603,0.0086565762758255,0.00838809460401535,0.008399669080972672,0.008203751407563687,0.0114968316629529,0.0142813790589571,0.015334716998040676,0.022824091836810113,0.02646946907043457,0.029730556532740594,0.03268684074282646,0.03978557884693146,0.040574148297309878,0.038300931453704837,0.051485661417245868,0.04719337821006775,0.062156397849321368,0.07315681874752045,0.06451012939214707,0.07686948776245117,0.10055993497371674,0.10166056454181671,0.17371389269828797,0.2171313315629959,0.23170602321624757,0.28799891471862795,0.30990028381347659,0.4444958567619324,0.6747998595237732,0.8491328954696655,0.9874789714813232,1.1376609802246094,1.009540319442749,1.0471515655517579,1.2670291662216187,1.2903084754943848,1.1847059726715088,1.0382999181747437,0.8720449209213257,0.7151883244514465,0.6065071225166321,0.532770574092865,0.3578674793243408,0.26782530546188357,0.16680605709552766]}