{"gestureName":"zuoutoyou5","Palm_Movement_List":[0.30501019954681399,0.0002454869681969285,0.0005020087701268494,0.0003093851264566183,0.0002618580183479935,0.00010252740321448073,0.00019461993360891938,0.00013936393952462822,0.00014932490012142807,0.0002120135468430817,0.00048192599206231534,0.00039577664574608207,0.00017192374798469245,0.0001710125943645835,0.0001746826310409233,0.0001729025534586981,0.0002474740904290229,0.0002387088752584532,0.0002450956089887768,0.0003284362028352916,0.00023908345610834658,0.00029495079070329666,0.0009889783104881645,0.0005392240127548575,0.0006889874930493534,0.001964912749826908,0.0012707071145996452,0.005001334939152002,0.004521837458014488,0.0028184810653328897,0.002924110274761915,0.007311149034649134,0.005021849647164345,0.005317699164152145,0.01403660699725151,0.017480377107858659,0.020977869629859926,0.011456409469246865,0.024662621319293977,0.02501659467816353,0.012426995672285557,0.012080944143235684,0.04588484764099121,0.010689150542020798,0.01916668191552162,0.017549162730574609,0.0144643010571599,0.01188916340470314],"Finger_Extension_List":[5.0,5.0,5.0,5.0,5.0,5.0,5.0,5.0,5.0,5.0,5.0,5.0,5.0,5.0,5.0,5.0,5.0,5.0,5.0,5.0,5.0,5.0,5.0,5.0,5.0,5.0,5.0,5.0,5.0,5.0,5.0,5.0,5.0,5.0,5.0,5.0,5.0,5.0,5.0,5.0,5.0,5.0,5.0,5.0,5.0,5.0,5.0,5.0],"Palm_Angle_List":[125.58843994140625,118.03450775146485,111.30427551269531,102.4015884399414,104.55077362060547,99.70598602294922,88.12647247314453,82.29451751708985,81.54163360595703,100.17725372314453,90.7600326538086,79.99149322509766,79.72498321533203,73.94464111328125,99.2235336303711,110.49178314208985,109.32893371582031,126.50999450683594,133.0640106201172,101.79125213623047,104.65773010253906,115.53703308105469,122.31475830078125,131.9752197265625,148.36349487304688,140.1923828125,141.08798217773438,143.90353393554688,140.64401245117188,142.16595458984376,140.54420471191407,131.08193969726563,120.94918060302735,116.26517486572266,103.53140258789063,99.05818939208985,94.29212188720703,92.93714904785156,92.92695617675781,93.00811767578125,86.82443237304688,87.70115661621094,85.25508880615235,85.52432250976563,89.51347351074219,89.29737854003906,86.44575500488281,80.42457580566406],"Movement_Rate_List":[0.011594189330935479,0.015849867835640909,0.021189631894230844,0.018201792612671853,0.013294350355863572,0.012078965082764626,0.010950588621199131,0.016100838780403138,0.017487263306975366,0.024072537198662759,0.02868100255727768,0.01885736547410488,0.019757123664021493,0.019663481041789056,0.020003274083137513,0.01946467161178589,0.012335583567619324,0.014489970169961453,0.014301988296210766,0.019775979220867158,0.027646593749523164,0.035286370664834979,0.05947831645607948,0.061831019818782809,0.07921229302883148,0.13113543391227723,0.1470390260219574,0.20333828032016755,0.28851020336151125,0.3275030255317688,0.32973626255989077,0.4570554792881012,0.5621059536933899,0.594089686870575,0.8696978688240051,1.0419917106628419,1.2449657917022706,1.3604576587677003,1.4281028509140015,1.4645963907241822,1.4192540645599366,1.3618484735488892,1.240803599357605,1.22315514087677,1.1560300588607789,1.0178108215332032,0.7732506990432739,0.6169116497039795]}