{"gestureName":"zuoutoyou10","Palm_Movement_List":[0.20970860123634339,0.00012618093751370907,0.00008969926420832053,0.0003427540068514645,0.0003985417715739459,0.0004436990711838007,0.00019227397569920868,0.00044212525244802237,0.0005208173533901572,0.0002773840678855777,0.0005720163462683559,0.0006130062974989414,0.00034442386822775006,0.000716279842890799,0.00034895550925284624,0.00039348690188489854,0.0003532983537297696,0.0003597786999307573,0.0003860407741740346,0.001602425705641508,0.0006050691590644419,0.0006515947170555592,0.00190612836740911,0.001146997674368322,0.0014289428945630789,0.0037151919677853586,0.002301687141880393,0.002528310054913163,0.006097003351897001,0.00725377444177866,0.004145021550357342,0.009198860265314579,0.005080362316220999,0.011075257323682309,0.005942091811448336,0.0062090991996228699,0.006408024579286575,0.020694350823760034,0.007506642024964094,0.007868189364671708,0.014680475927889347,0.007840607315301896,0.006950696464627981,0.006582625675946474,0.014879515394568444,0.023545678704977037,0.014610404148697853,0.00693037174642086,0.006831949111074209,0.006569410674273968,0.0063727363012731079,0.006018524058163166,0.0057807667180895809],"Finger_Extension_List":[5.0,5.0,5.0,5.0,5.0,5.0,5.0,5.0,5.0,5.0,5.0,5.0,5.0,5.0,5.0,5.0,5.0,5.0,5.0,5.0,5.0,5.0,5.0,5.0,5.0,5.0,5.0,5.0,5.0,5.0,5.0,5.0,5.0,5.0,5.0,5.0,5.0,5.0,5.0,5.0,5.0,5.0,5.0,5.0,5.0,5.0,5.0,5.0,5.0,5.0,5.0,5.0,5.0],"Palm_Angle_List":[135.21023559570313,99.24214935302735,98.49272918701172,98.79255676269531,86.05516052246094,69.42155456542969,57.22544479370117,50.624454498291019,40.66203689575195,38.68354034423828,44.906978607177737,58.28188705444336,66.30427551269531,73.1992416381836,78.64677429199219,92.98912048339844,99.40399932861328,110.18736267089844,118.18179321289063,130.22402954101563,128.5153045654297,128.08233642578126,130.37513732910157,128.35153198242188,129.59022521972657,126.20906829833985,116.73220825195313,113.22318267822266,111.22412872314453,113.19718170166016,114.16267395019531,111.23196411132813,109.45076751708985,106.0213394165039,103.0306625366211,100.25048828125,103.41907501220703,102.85649871826172,95.79058837890625,94.22593688964844,95.30370330810547,94.96784973144531,97.9608383178711,93.76222229003906,93.0024185180664,92.0231704711914,89.45999145507813,87.10619354248047,82.42716979980469,81.49317932128906,81.56504821777344,85.06306457519531,84.02655792236328],"Movement_Rate_List":[0.00698667299002409,0.009052404202520848,0.010026661679148674,0.022277401760220529,0.026369208469986917,0.025265829637646676,0.022118370980024339,0.026454957202076913,0.031311165541410449,0.031223934143781663,0.03463401272892952,0.037352778017520908,0.03989693894982338,0.04192061349749565,0.03995407372713089,0.04394559934735298,0.04280870407819748,0.0409814678132534,0.04431726410984993,0.07107612490653992,0.07173348218202591,0.07371845841407776,0.12115439772605896,0.13796085119247437,0.1589464247226715,0.23256038129329682,0.26305124163627627,0.2860400378704071,0.3783170282840729,0.4451209306716919,0.4716140329837799,0.5506575107574463,0.5741820931434631,0.6443767547607422,0.7022913098335266,0.7055795788764954,0.7472050189971924,0.8290567398071289,0.8185197114944458,0.9230625629425049,0.8296525478363037,0.8454397320747376,0.8158093094825745,0.7301050424575806,0.9252634048461914,0.8962210416793823,0.795190691947937,0.8136147856712341,0.7936747074127197,0.7544977068901062,0.7220410704612732,0.6681306958198547,0.45144620537757876]}