{"gestureName":"zuoutoyou14","Palm_Movement_List":[0.21138957142829896,0.0004072844167239964,0.00008995357347885147,0.0002260688488604501,0.00034347031032666564,0.00009055431291926652,0.00014525775623042136,0.00013168971054255962,0.00010687646135920659,0.00028455888968892395,0.00014077420928515494,0.00016352788952644914,0.00016664380382280797,0.000548251555301249,0.0005333833978511393,0.000261434557614848,0.00032774239662103355,0.0003544421633705497,0.00036991218803450465,0.0007934233290143311,0.00047199096297845244,0.0009591190610080957,0.0014468461740761996,0.0008649414521642029,0.00100727251265198,0.0026211184449493887,0.0034177573397755625,0.0019176501082256437,0.0021598972380161287,0.0025066006928682329,0.00982021912932396,0.004313316661864519,0.004866243805736303,0.005637150723487139,0.013914570212364197,0.008099375292658806,0.008580433204770089,0.018125632777810098,0.029414955526590349,0.010576342232525349,0.010281512513756752,0.00945195835083723,0.016850275918841363,0.00887476745992899,0.018510952591896058,0.013940577395260334,0.020577332004904748,0.011172737926244736,0.0027402075938880445,0.002358612371608615,0.0035332501865923406],"Finger_Extension_List":[5.0,5.0,5.0,5.0,5.0,5.0,5.0,5.0,5.0,5.0,5.0,5.0,5.0,5.0,5.0,5.0,5.0,5.0,5.0,5.0,5.0,5.0,5.0,5.0,5.0,5.0,5.0,5.0,5.0,5.0,5.0,5.0,5.0,5.0,5.0,5.0,5.0,5.0,5.0,5.0,5.0,5.0,5.0,5.0,5.0,5.0,5.0,5.0,5.0,5.0,5.0],"Palm_Angle_List":[123.68074035644531,113.62745666503906,101.14649200439453,80.27582550048828,52.81856918334961,73.4307632446289,97.45921325683594,94.55928039550781,91.6897964477539,94.71736145019531,92.84254455566406,103.36919403076172,105.68830108642578,112.43529510498047,130.54246520996095,137.79949951171876,144.51795959472657,146.445556640625,149.71250915527345,160.0200653076172,160.37326049804688,168.611083984375,162.72254943847657,145.6141357421875,149.40249633789063,148.26722717285157,149.81161499023438,143.26979064941407,136.44964599609376,126.40634155273438,120.97411346435547,111.7305679321289,109.78378295898438,109.53422546386719,104.30079650878906,97.87237548828125,95.41901397705078,95.21832275390625,93.95619201660156,93.13522338867188,83.95086669921875,87.48112487792969,98.54779052734375,92.49579620361328,79.55065155029297,81.66704559326172,96.21024322509766,96.5969467163086,105.583740234375,103.64164733886719,111.11328887939453],"Movement_Rate_List":[0.019468264654278756,0.014225014485418797,0.010518571361899376,0.014955478720366955,0.013807438313961029,0.01036915834993124,0.016758045181632043,0.015247722156345845,0.012320106849074364,0.018251866102218629,0.01600278541445732,0.01879855804145336,0.019296035170555116,0.022341711446642877,0.03088582307100296,0.02989676408469677,0.03772703930735588,0.04054006189107895,0.04241173341870308,0.048848073929548267,0.05328992009162903,0.05609448626637459,0.09048076719045639,0.09882862120866776,0.11644722521305084,0.16087473928928376,0.2082686573266983,0.21031299233436585,0.25854793190956118,0.29368433356285097,0.4126172363758087,0.507630467414856,0.5593370199203491,0.650340735912323,0.9073589444160461,0.9160119295120239,0.9703073501586914,1.0200201272964478,1.1884809732437134,1.274257779121399,1.1412495374679566,1.1210956573486329,1.0303008556365967,0.9975010752677918,1.0692088603973389,0.708412766456604,0.5123350620269775,0.36114731431007388,0.31993040442466738,0.2686653733253479,0.1853044629096985]}