{"gestureName":"zuoutoyou13","Palm_Movement_List":[0.1759399026632309,0.00011601341248024255,0.00008603286551078781,0.00008888555748853832,0.00007835371798137203,0.00017503491835668683,0.00021619373001158237,0.00011891980830114335,0.00012606175732798874,0.0001514064788352698,0.00031714848591946065,0.00047985592391341925,0.0003137785824947059,0.0004303549649193883,0.0003529542882461101,0.0008850072044879198,0.0004364602209534496,0.00041682072333060205,0.0011063903803005815,0.0017547679599374533,0.0032852347940206529,0.0051114195957779888,0.0030417495872825386,0.0033258600160479547,0.0035555344074964525,0.003839475568383932,0.008822300471365452,0.010544145479798317,0.011784856207668782,0.006728352978825569,0.006992988754063845,0.006051922217011452,0.013544229790568352,0.00864619854837656,0.018506789579987527,0.008621606044471264,0.016623836010694505,0.01512060035020113,0.007170533761382103,0.006901988759636879,0.012672711163759232,0.005597532261162996,0.010246273130178452,0.00884826947003603,0.010353944264352322,0.005591667257249355,0.0022293459624052049,0.004062427673488855,0.0018021846190094948],"Finger_Extension_List":[5.0,5.0,5.0,5.0,5.0,5.0,5.0,5.0,5.0,5.0,5.0,5.0,5.0,5.0,5.0,5.0,5.0,5.0,5.0,5.0,5.0,5.0,5.0,5.0,5.0,5.0,5.0,5.0,5.0,5.0,5.0,5.0,5.0,5.0,5.0,5.0,5.0,5.0,5.0,5.0,5.0,5.0,5.0,4.0,4.0,5.0,5.0,5.0,5.0],"Palm_Angle_List":[142.63436889648438,90.87579345703125,104.88384246826172,119.67330169677735,102.5771484375,120.77355194091797,114.79293060302735,114.82003021240235,112.1745376586914,109.04171752929688,99.64253997802735,78.46216583251953,77.04151916503906,69.95514678955078,83.6883316040039,95.51022338867188,113.03262329101563,108.59774017333985,104.068115234375,109.26313018798828,105.82884979248047,107.87683868408203,100.5604019165039,105.36067199707031,105.52188873291016,107.71026611328125,104.8956298828125,102.21776580810547,95.70292663574219,94.2245101928711,92.59065246582031,97.6705551147461,99.67305755615235,94.79653930664063,95.92086029052735,94.73899841308594,93.71257019042969,92.59146881103516,93.66105651855469,86.89547729492188,85.44178771972656,90.43272399902344,90.54187774658203,86.94627380371094,88.32815551757813,89.21501922607422,95.66686248779297,98.07173156738281,96.1729736328125],"Movement_Rate_List":[0.008952382951974869,0.006622233893722296,0.0039253877475857739,0.0051352218724787239,0.004709901753813028,0.008925024420022965,0.013050882145762444,0.013674111105501652,0.014283408410847187,0.01785878650844097,0.018815133720636369,0.022153055295348169,0.025236936286091806,0.030593816190958024,0.027356315404176713,0.03944066911935806,0.06144743040204048,0.052595529705286029,0.07352150976657868,0.09726787358522415,0.23047149181365968,0.3693047761917114,0.4384818375110626,0.3777671456336975,0.40403828024864199,0.462643027305603,0.5316184163093567,0.6258055567741394,0.702450692653656,0.7798270583152771,0.8090927600860596,0.6901496052742004,0.7871136665344238,1.0087735652923585,1.1374119520187379,0.9743029475212097,1.0044350624084473,0.8495236039161682,0.8677882552146912,0.7969967722892761,0.7117811441421509,0.6263319849967957,0.5666085481643677,0.47569653391838076,0.3668319284915924,0.30556637048721316,0.2654297351837158,0.21986138820648194,0.20999544858932496]}