{"gestureName":"zuoutoyou","Palm_Movement_List":[0.2517186999320984,0.00041388333193026483,0.00007729497156105936,0.00020178157137706876,0.00014201353769749403,0.00016046574455685914,0.00015022416482679546,0.000286792783299461,0.0004799164307769388,0.00033839375828392804,0.0004201467672828585,0.00040844333125278354,0.0008798649068921804,0.0003961046750191599,0.0004688868939410895,0.0010160976089537144,0.0004959191428497434,0.0001961098751053214,0.0001446989190299064,0.00021389756875578314,0.00035409125848673284,0.0004061012587044388,0.0008728434331715107,0.0004152656765654683,0.0013858238235116006,0.0006899751606397331,0.004957325290888548,0.0018153993878513575,0.0023301467299461366,0.002719226758927107,0.00694749690592289,0.009009644389152527,0.011106058955192566,0.0066631450317800049,0.007400986738502979,0.016293874010443689,0.008787916973233223,0.018842855468392373,0.028927380219101907,0.010053731501102448,0.010119239799678326,0.01942495070397854,0.009637508541345597,0.027375496923923494,0.018928879871964456,0.03492102399468422,0.00828971341252327],"Finger_Extension_List":[5.0,5.0,5.0,5.0,5.0,5.0,5.0,5.0,5.0,5.0,5.0,5.0,5.0,5.0,5.0,5.0,5.0,5.0,5.0,5.0,5.0,5.0,5.0,5.0,5.0,5.0,5.0,5.0,5.0,5.0,5.0,5.0,5.0,5.0,5.0,5.0,5.0,5.0,5.0,5.0,5.0,5.0,5.0,5.0,5.0,5.0,5.0],"Palm_Angle_List":[127.39756774902344,105.65716552734375,93.45938873291016,96.62810516357422,101.6715316772461,100.40567016601563,84.49575805664063,72.22037506103516,34.78273391723633,16.86082649230957,35.033504486083987,38.52490997314453,46.05973815917969,44.422203063964847,36.85221481323242,42.164764404296878,27.782861709594728,44.1566047668457,91.25687408447266,97.8599624633789,114.27969360351563,115.55658721923828,118.8111801147461,116.19109344482422,111.34910583496094,103.6281509399414,127.25184631347656,137.6107635498047,127.73676300048828,134.87100219726563,129.05751037597657,120.6368637084961,109.74931335449219,100.72047424316406,99.38077545166016,97.84696960449219,94.78978729248047,93.59368896484375,92.71971130371094,85.9444351196289,86.33561706542969,89.70934295654297,83.40392303466797,93.64881896972656,84.08430480957031,84.92826843261719,83.8856201171875],"Movement_Rate_List":[0.013474813662469387,0.0088929058983922,0.009049049578607083,0.011955149471759797,0.01648026332259178,0.01808350719511509,0.015284828841686249,0.01994066685438156,0.026666386052966119,0.038293156772851947,0.049099065363407138,0.04439247027039528,0.05142864212393761,0.04721592739224434,0.053876448422670367,0.05485926568508148,0.013249818235635758,0.011747010052204132,0.016872895881533624,0.024613093584775926,0.04026090353727341,0.04609694704413414,0.049208659678697589,0.052083782851696017,0.06740871071815491,0.07954525947570801,0.18840056657791139,0.20742686092853547,0.26682034134864809,0.31396299600601199,0.41253483295440676,0.5435597896575928,0.6822885870933533,0.7900352478027344,0.8616818189620972,0.9936370849609375,0.9946702718734741,1.1230121850967408,1.1154719591140748,1.1565312147140504,1.1327934265136719,0.8148077726364136,0.8236486911773682,1.5122663974761963,0.7994414567947388,1.0475587844848633,1.0076230764389039]}