{"gestureName":"zuoutoyou4","Palm_Movement_List":[0.19690456986427308,0.00020554941147565842,0.00018586550140753388,0.00008215289562940598,0.00007449850090779364,0.00014595003449358046,0.0002524659794289619,0.0001444165682187304,0.00006681646482320502,0.000054432046454166993,0.00014255604764912277,0.00008764653466641903,0.0000999692128971219,0.00020670816593337804,0.00023715710267424583,0.00011196843115612864,0.00023263326147571206,0.00020236287673469633,0.00010746554471552372,0.00010446432133903727,0.00011539948172867298,0.00027442953432910144,0.00042439805110916495,0.000602800166234374,0.00042240560287609696,0.0006427078042179346,0.000830732868053019,0.002258279360830784,0.003566332161426544,0.005451039876788855,0.008414904586970806,0.005124665796756744,0.00601923605427146,0.014595920220017434,0.01710411161184311,0.018150879070162774,0.018861861899495126,0.03905876725912094,0.01952115260064602,0.018009567633271219,0.008726217783987522,0.01574280485510826,0.03256886079907417,0.010183812119066716],"Finger_Extension_List":[5.0,5.0,5.0,5.0,5.0,5.0,5.0,5.0,5.0,5.0,5.0,5.0,5.0,5.0,5.0,5.0,5.0,5.0,5.0,5.0,5.0,5.0,5.0,5.0,5.0,5.0,5.0,5.0,5.0,5.0,5.0,5.0,5.0,5.0,5.0,5.0,5.0,5.0,5.0,5.0,5.0,5.0,5.0,5.0],"Palm_Angle_List":[150.9591064453125,106.79584503173828,124.63995361328125,138.8915252685547,137.12770080566407,149.6702880859375,175.43678283691407,168.17625427246095,151.75286865234376,136.9645538330078,124.08186340332031,119.96705627441406,119.02440643310547,107.65867614746094,108.75448608398438,100.77674102783203,100.22758483886719,78.79470825195313,64.32205963134766,68.91533660888672,78.71864318847656,83.93138122558594,105.10751342773438,110.48636627197266,112.50440216064453,121.76353454589844,127.20112609863281,120.89935302734375,105.97684478759766,101.0099868774414,100.67887115478516,102.25543212890625,104.60001373291016,94.5497055053711,90.46177673339844,89.08696746826172,87.29656982421875,86.03663635253906,84.22844696044922,77.61322021484375,79.69291687011719,80.27837371826172,79.3451919555664,82.68216705322266],"Movement_Rate_List":[0.012189415283501149,0.010362397879362107,0.008659758605062962,0.009384313598275185,0.008158380165696144,0.008667915128171444,0.009133138693869114,0.008601265028119088,0.008355703204870224,0.006674402393400669,0.009146133437752724,0.010031778365373612,0.011877147480845452,0.012552816420793534,0.013890016824007035,0.010971281677484513,0.0135452039539814,0.012067464180290699,0.01249530166387558,0.011451669037342072,0.012092792429029942,0.015163165517151356,0.018124649301171304,0.04250631108880043,0.04839124158024788,0.07493392378091812,0.09567363560199738,0.14696510136127473,0.2313026785850525,0.34999948740005495,0.5262385606765747,0.5704219937324524,0.7078949809074402,0.8839883804321289,1.0310208797454835,1.0823643207550049,1.0632705688476563,1.1309983730316163,1.1077698469161988,1.059023380279541,0.9685028195381165,0.8719781041145325,0.6831570267677307,0.5518505573272705]}