{"gestureName":"zuoutoyou8","Palm_Movement_List":[0.1775020956993103,0.00013373742694966495,0.000048417412472190335,0.00014917449152562767,0.00025932196876965463,0.0005616732523776591,0.00043514862773008645,0.00022659874230157584,0.00048001614050008357,0.00022547926346305758,0.0004427994426805526,0.00023359486658591777,0.0004671313217841089,0.0007495429599657655,0.0005518097896128893,0.0007916049216873944,0.0007920598145574331,0.0009548288653604686,0.0024427424650639297,0.0011403864482417703,0.0013159693917259575,0.012109747156500817,0.004278102423995733,0.018724076449871064,0.01613476127386093,0.019641712307929994,0.011155162937939167,0.01144866831600666,0.023173650726675988,0.010789633728563786,0.02781861461699009,0.014877762645483017,0.006680279038846493,0.01147524919360876,0.010140921920537949,0.008092852309346199,0.006233957130461931,0.007770353462547064,0.002060952829197049,0.001235920935869217],"Finger_Extension_List":[5.0,5.0,5.0,5.0,5.0,5.0,5.0,5.0,5.0,5.0,5.0,5.0,5.0,5.0,5.0,5.0,5.0,5.0,5.0,5.0,5.0,5.0,5.0,5.0,5.0,5.0,5.0,5.0,5.0,5.0,5.0,5.0,5.0,5.0,5.0,5.0,5.0,5.0,5.0,5.0],"Palm_Angle_List":[151.297607421875,151.1890869140625,150.86036682128907,128.5515594482422,122.41993713378906,109.74486541748047,95.8590087890625,87.56150817871094,84.33113861083985,80.26359558105469,81.13578796386719,83.29986572265625,87.04879760742188,99.24710845947266,114.91789245605469,117.85465240478516,123.05159759521485,122.8944091796875,119.44425964355469,113.49977111816406,111.31331634521485,111.46825408935547,103.28093719482422,94.47398376464844,93.51168823242188,88.82664489746094,88.79117584228516,88.90675354003906,84.18953704833985,87.62290954589844,85.94975280761719,89.0831069946289,86.67571258544922,88.57581329345703,86.75919342041016,85.4897689819336,93.27515411376953,113.91178894042969,115.91046905517578,150.4615936279297],"Movement_Rate_List":[0.010111014358699322,0.007078034803271294,0.005365453194826841,0.010369352996349335,0.017486009746789933,0.024141807109117509,0.02614254131913185,0.025785377249121667,0.026589442044496537,0.026445632800459863,0.02663685567677021,0.027074361220002176,0.026539521291851999,0.02471213974058628,0.025414343923330308,0.04154788702726364,0.048162348568439487,0.06071290001273155,0.11268828064203263,0.12486359477043152,0.13248473405838014,0.41199982166290285,0.5219108462333679,0.8755528330802918,0.9338595867156982,1.2900935411453248,1.2808775901794434,1.3159388303756714,1.3169145584106446,1.2307101488113404,0.9856752157211304,0.7947665452957153,0.787397027015686,0.6475255489349365,0.5670969486236572,0.4365297853946686,0.3193008601665497,0.2128939926624298,0.09725069254636765,0.07297597080469132]}