{"gestureName":"zuoutoyou7","Palm_Movement_List":[0.17648279666900636,0.00011474746133899316,0.000266975344857201,0.00046586047392338514,0.00033013842767104506,0.00015599998005200177,0.00015898729907348752,0.00031240071984939277,0.00015232813893817365,0.0001460567582398653,0.00014824485697317868,0.0003680922382045537,0.00022462672495748848,0.00007880163320805877,0.00008646780042909086,0.00007923001248855144,0.00017420925723854452,0.00008920615800889209,0.000659316370729357,0.0004329556250013411,0.00029455521143972874,0.0012315453495830298,0.000481157359899953,0.0005500593688338995,0.0012708220165222884,0.0007112642051652074,0.0015884099993854762,0.0017507142620161176,0.0008323031361214817,0.00103360740467906,0.002834893064573407,0.0017372837755829096,0.0019950021523982288,0.004833351355046034,0.006468453910201788,0.014892765320837498,0.014026778750121594,0.008141791447997094,0.00904889591038227,0.020136915147304536,0.010708743706345559,0.02183549478650093,0.03530197963118553,0.012296352535486222,0.02223062328994274,0.01839965209364891,0.007756521459668875,0.013185810297727585],"Finger_Extension_List":[5.0,5.0,5.0,5.0,5.0,5.0,5.0,5.0,5.0,5.0,5.0,5.0,5.0,5.0,5.0,5.0,5.0,5.0,5.0,5.0,5.0,5.0,5.0,5.0,5.0,5.0,5.0,5.0,5.0,5.0,5.0,5.0,5.0,5.0,5.0,5.0,5.0,5.0,5.0,5.0,5.0,5.0,5.0,5.0,5.0,5.0,5.0,5.0],"Palm_Angle_List":[136.84661865234376,163.80506896972657,162.28659057617188,161.23162841796876,149.45123291015626,150.97317504882813,149.4882049560547,149.1201934814453,151.6558074951172,154.5153045654297,160.0072021484375,167.5675811767578,170.5761260986328,166.53846740722657,146.66429138183595,124.93785095214844,114.21932220458985,99.45088958740235,103.68383026123047,100.3077621459961,101.86122131347656,107.28742218017578,106.9969253540039,108.29399871826172,111.67378234863281,118.71903228759766,124.5653305053711,130.31130981445313,125.77374267578125,127.15382385253906,130.4373779296875,121.60691833496094,126.94408416748047,125.17644500732422,113.26112365722656,103.5937728881836,108.13885498046875,100.88578033447266,95.34889221191406,88.33329772949219,85.75433349609375,91.98497009277344,87.29060363769531,81.2240982055664,83.18528747558594,81.98772430419922,82.5294189453125,79.4235610961914],"Movement_Rate_List":[0.01218764204531908,0.013371899724006653,0.016297901049256326,0.01931999996304512,0.018317347392439843,0.017784956842660905,0.01883690245449543,0.01838027872145176,0.017213424667716028,0.017379023134708406,0.0168355293571949,0.012802442535758019,0.012327858246862889,0.009384104050695897,0.008987722918391228,0.007636409252882004,0.0076971473172307018,0.008834202773869038,0.01861274428665638,0.0341000035405159,0.04215799644589424,0.06417085230350495,0.05839923024177551,0.0732729583978653,0.07665126770734787,0.08170749992132187,0.09618715196847916,0.1022430881857872,0.09769870340824127,0.11577252298593521,0.17964813113212586,0.19795863330364228,0.22667935490608216,0.2817319333553314,0.41491425037384035,0.6618537306785584,0.8497198224067688,0.9300659894943237,1.0435813665390015,1.159142017364502,1.2279261350631714,1.3047428131103516,1.4239617586135865,1.4130491018295289,1.2311768531799317,1.0082448720932007,0.8565064072608948,0.7128244042396545]}