{"gestureName":"zuoutoyou15","Palm_Movement_List":[0.22361071407794953,0.0001624219585210085,0.00016015692381188273,0.00011807307600975037,0.00019904912915080786,0.0001426663075108081,0.00013480393681675196,0.0003123422502540052,0.0002854754857253283,0.000125149788800627,0.00021051189105492085,0.0001454043376725167,0.00024045327154453844,0.00023679590958636254,0.0002738847106229514,0.00039465073496103287,0.0003895880945492536,0.00029171965434215963,0.0005985720781609416,0.00035063474206253886,0.0005621694144792855,0.0005830682348459959,0.0006413119845092297,0.0007593531627207995,0.0006332496996037662,0.000810393423307687,0.00092562340432778,0.0016578310169279576,0.0012008855119347573,0.0013608915032818914,0.0020216540433466436,0.002106326399371028,0.0015528431395068765,0.0015925606712698937,0.001649275771342218,0.004104525316506624,0.002836155006662011,0.003082370851188898,0.003920120652765036,0.004733162932097912,0.006021745037287474,0.006682782433927059,0.007936200127005577,0.018866373226046563,0.00995479803532362,0.010415610857307911,0.02117985673248768,0.02232876978814602,0.022400520741939546,0.009715866297483445,0.01987667754292488,0.010751462541520596,0.02190571092069149,0.01876520738005638,0.008391059935092926,0.014908446930348874,0.012936529703438282,0.005835509393364191,0.010217081755399704,0.004623092710971832],"Finger_Extension_List":[5.0,5.0,5.0,5.0,5.0,5.0,5.0,5.0,5.0,5.0,5.0,5.0,5.0,5.0,5.0,5.0,5.0,5.0,5.0,5.0,5.0,5.0,5.0,5.0,5.0,5.0,5.0,5.0,5.0,5.0,5.0,5.0,5.0,5.0,5.0,5.0,5.0,5.0,5.0,5.0,5.0,5.0,5.0,5.0,5.0,5.0,5.0,5.0,5.0,5.0,5.0,5.0,5.0,5.0,5.0,5.0,5.0,5.0,5.0,5.0],"Palm_Angle_List":[122.66703033447266,67.29348754882813,68.62105560302735,68.15035247802735,80.42692565917969,87.33597564697266,99.83338165283203,86.67835998535156,91.42970275878906,109.99992370605469,93.98387908935547,115.39990234375,91.93016052246094,95.24072265625,94.7937240600586,80.26898193359375,72.62150573730469,88.64189147949219,104.41510772705078,123.2464370727539,100.73236846923828,109.16397094726563,116.3590087890625,113.09054565429688,122.61927032470703,139.56028747558595,150.51620483398438,129.43096923828126,159.78721618652345,165.9403533935547,162.75511169433595,154.97557067871095,167.05963134765626,159.53709411621095,152.93222045898438,146.3743896484375,135.7929229736328,124.20521545410156,117.56939697265625,108.11112213134766,102.31854248046875,101.827392578125,98.68434143066406,92.73400115966797,92.36332702636719,90.83268737792969,91.2317886352539,90.2133560180664,84.17572021484375,86.03274536132813,101.39363098144531,90.66865539550781,82.49887084960938,87.63809204101563,90.2476577758789,87.13284301757813,90.51227569580078,88.98501586914063,87.38322448730469,83.14083099365235],"Movement_Rate_List":[0.008617964573204518,0.01060994528234005,0.0122857466340065,0.013602780178189278,0.011101732030510903,0.016431668773293496,0.011779195629060269,0.021425681188702585,0.021751251071691514,0.015080485492944718,0.024371054023504258,0.017015589401125909,0.027369534596800805,0.02713055908679962,0.0313258059322834,0.047240328043699267,0.042783576995134357,0.03556620329618454,0.038487695157527927,0.039826251566410068,0.06600659340620041,0.06621281057596207,0.0750156044960022,0.08667521178722382,0.07223966717720032,0.0926368311047554,0.10817155241966248,0.10185706615447998,0.1386069357395172,0.15297794342041017,0.23168176412582398,0.24923862516880036,0.1777324080467224,0.18742690980434419,0.18928971886634828,0.2689756453037262,0.32288026809692385,0.35010820627212527,0.46255236864089968,0.5489627718925476,0.682970404624939,0.7714160084724426,0.9192875027656555,1.1543619632720948,1.1467335224151612,1.2000938653945923,0.9356465339660645,1.6003252267837525,1.2819392681121827,1.1224430799484254,1.113297939300537,1.2674126625061036,1.205000638961792,1.0411313772201539,0.9777510762214661,0.8365577459335327,0.7054553627967835,0.6858042478561401,0.5478718876838684,0.541790246963501]}