{"gestureName":"zuoutoyou3","Palm_Movement_List":[0.20971952378749848,0.00021806976292282343,0.0003364939766470343,0.00023467665596399456,0.00010187862790189683,0.00013249636685941368,0.00013478324399329722,0.0002491155464667827,0.00010834621207322925,0.00018244056263938546,0.00009311323810834438,0.0001838701864471659,0.00008102038555080071,0.0001609061728231609,0.00016179741942323744,0.0000904610933503136,0.00009921995660988614,0.0002456459333188832,0.0003383193688932806,0.00024090927036013454,0.000331579998601228,0.0008962993160821497,0.0005308905383571982,0.0012624369701370597,0.0007943904493004084,0.0034649355802685024,0.004956135526299477,0.004690135363489389,0.006306333467364311,0.004065984860062599,0.010535957291722298,0.012729405425488949,0.025456901639699937,0.010047243908047676,0.02113322913646698,0.010699663311243058,0.011079266667366028,0.02350548654794693,0.023204918950796129,0.029402175918221475,0.016025664284825326,0.012695735320448876,0.005600310862064362,0.009190316312015057,0.006846050266176462],"Finger_Extension_List":[5.0,5.0,5.0,5.0,5.0,5.0,5.0,5.0,5.0,5.0,5.0,5.0,5.0,5.0,5.0,5.0,5.0,5.0,5.0,5.0,5.0,5.0,5.0,5.0,5.0,5.0,5.0,5.0,5.0,5.0,5.0,5.0,5.0,5.0,5.0,5.0,5.0,5.0,5.0,5.0,5.0,5.0,5.0,5.0,5.0],"Palm_Angle_List":[136.89173889160157,112.04161071777344,118.64137268066406,125.6860122680664,145.02178955078126,151.2825164794922,154.0039520263672,166.41299438476563,168.42027282714845,169.31259155273438,155.65309143066407,112.16841125488281,89.12532806396485,81.66134643554688,66.01942443847656,60.53660202026367,72.5474624633789,77.19013214111328,106.90483093261719,119.18255615234375,135.3671112060547,135.89996337890626,137.3566131591797,134.79226684570313,136.25515747070313,130.98269653320313,123.260986328125,115.84938049316406,109.2784423828125,103.62620544433594,97.10643768310547,100.89755249023438,92.3846664428711,92.30584716796875,90.00957489013672,85.859130859375,84.40802001953125,90.9501953125,85.40248107910156,83.13502502441406,82.90348815917969,88.27332305908203,92.93352508544922,91.34521484375,86.88919067382813],"Movement_Rate_List":[0.011103152297437191,0.012846413999795914,0.012067142874002457,0.0129340635612607,0.011983327567577362,0.015341231599450112,0.014827748760581017,0.015968473628163339,0.013476451858878136,0.006638488732278347,0.004685651510953903,0.006809485610574484,0.0075842468068003658,0.011308844201266766,0.012199769727885723,0.01013461034744978,0.011789177544414997,0.014744043350219727,0.022287169471383096,0.027799149975180627,0.03807857260107994,0.058722902089357379,0.06075768545269966,0.07877156138420105,0.09588241577148438,0.15821202099323274,0.23265615105628968,0.2926114797592163,0.38914215564727785,0.46805399656295779,0.6622427105903626,0.7614314556121826,1.1164344549179078,1.150359869003296,1.2454640865325928,1.2301290035247803,1.2743580341339112,1.2807905673980713,1.3730329275131226,1.017199993133545,0.8767556548118591,0.6830272078514099,0.6642524003982544,0.5001513361930847,0.37480953335762026]}