{"gestureName":"zuoutoyou1","Palm_Movement_List":[0.31496816873550417,0.00037358011468313634,0.0001642560091568157,0.00015963266196195036,0.0004427267995197326,0.0005931673222221434,0.00018264021491631866,0.0001753140677465126,0.00022891114349476993,0.00010708398622227833,0.00012231625441927463,0.000174276196048595,0.0004535443731583655,0.0002320114290341735,0.00026709464145824313,0.0003018764255102724,0.0006604123627766967,0.00043743036803789437,0.0005136122344993055,0.0005926656886003912,0.00065204146085307,0.00187800289131701,0.004788434132933617,0.004938547033816576,0.003191414289176464,0.008764851838350296,0.005757285747677088,0.0061246855184435848,0.007089007645845413,0.025784919038414956,0.020696597173810006,0.02393760345876217,0.026241978630423547,0.013202027417719365,0.013010261580348015,0.05902104079723358,0.02000337466597557,0.017927026376128198,0.01524960808455944,0.006778835318982601,0.011875095777213574,0.013483907096087933,0.006766858510673046,0.0029008390847593548,0.002639744197949767,0.004094745498150587,0.0015374986687675119,0.0013422155752778054],"Finger_Extension_List":[5.0,5.0,5.0,5.0,5.0,5.0,5.0,5.0,5.0,5.0,5.0,5.0,5.0,5.0,5.0,5.0,5.0,5.0,5.0,5.0,5.0,5.0,5.0,5.0,5.0,5.0,5.0,5.0,5.0,5.0,5.0,5.0,5.0,5.0,5.0,5.0,5.0,5.0,5.0,5.0,5.0,5.0,5.0,5.0,5.0,5.0,5.0,5.0],"Palm_Angle_List":[136.70945739746095,111.89506530761719,115.1576156616211,114.7499771118164,124.2513198852539,129.60784912109376,132.9993438720703,129.1126708984375,126.79450225830078,127.3219985961914,123.99884796142578,86.88272094726563,87.50685119628906,91.1187515258789,90.90145874023438,89.82747650146485,93.3929672241211,96.19338989257813,93.49464416503906,99.57967376708985,101.1702880859375,105.10868835449219,99.7341079711914,96.92302703857422,95.72593688964844,93.76190185546875,89.96322631835938,94.63322448730469,90.34722137451172,89.1419906616211,89.81078338623047,84.96670532226563,79.77423095703125,78.97718048095703,79.17664337158203,78.03717041015625,80.34376525878906,84.43891906738281,81.6343002319336,81.02794647216797,78.4666976928711,79.97842407226563,86.68190002441406,91.62545013427735,96.68168640136719,92.7723159790039,89.0093002319336,100.66902923583985],"Movement_Rate_List":[0.019434954971075059,0.02012474089860916,0.018510743975639344,0.01891005039215088,0.025909408926963807,0.019218778237700464,0.020963719114661218,0.01742449402809143,0.01098678633570671,0.012835993431508541,0.014058854430913926,0.011568624526262284,0.021630948409438134,0.027597632259130479,0.03310955688357353,0.03469051420688629,0.04145117476582527,0.050793230533599856,0.052227847278118137,0.06185842677950859,0.08386431634426117,0.10411757975816727,0.2802843749523163,0.3228982388973236,0.3841833174228668,0.5378665924072266,0.6841685175895691,0.7044737339019775,0.8165161609649658,1.0565145015716553,1.2168419361114503,1.4014978408813477,1.5616240501403809,1.521321415901184,1.4546358585357667,1.3188058137893677,1.1349143981933594,0.9849392771720886,0.8578245639801025,0.7798038721084595,0.6539540886878967,0.4797820448875427,0.3489284813404083,0.3409544825553894,0.30334922671318056,0.2149071842432022,0.18056263029575349,0.1546504944562912]}