{"gestureName":"zuoutoyou12","Palm_Movement_List":[0.2780299484729767,0.00011542073480086401,0.00008444472769042477,0.00004963586980011314,0.00005853534457855858,0.0001060943104675971,0.00005708655953640118,0.00005872080510016531,0.00020593361114151776,0.0000880329534993507,0.0001813239068724215,0.00011044495477108285,0.00011846145207528025,0.00011025521234842017,0.0003040464944206178,0.0004212181956972927,0.00014145459863357246,0.00015000560961198062,0.00024938237038441,0.00013615118223242462,0.0004143030382692814,0.0002821843372657895,0.00032807773095555604,0.0013730003265663982,0.0012111120158806444,0.0014131980715319515,0.0008382217492908239,0.0009704121621325612,0.0011093199718743563,0.0012332795886322857,0.003123915521427989,0.004158758092671633,0.00885563250631094,0.008455558679997921,0.010869733989238739,0.014044750481843949,0.00839197263121605,0.018905993551015855,0.020289381965994836,0.0100822439417243,0.020604372024536134,0.009995208121836186,0.009733694605529309,0.009438426233828068,0.017547613009810449,0.008107277564704419,0.02718963846564293,0.010926318354904652],"Finger_Extension_List":[5.0,5.0,5.0,5.0,5.0,5.0,5.0,5.0,5.0,5.0,5.0,5.0,5.0,5.0,5.0,5.0,5.0,5.0,5.0,5.0,5.0,5.0,5.0,5.0,5.0,5.0,5.0,5.0,5.0,5.0,5.0,5.0,5.0,5.0,5.0,5.0,5.0,5.0,5.0,5.0,5.0,5.0,5.0,5.0,5.0,5.0,5.0,5.0],"Palm_Angle_List":[143.54750061035157,49.82476043701172,126.45154571533203,145.7079620361328,139.4987030029297,127.49694061279297,131.15135192871095,126.6084213256836,102.10033416748047,99.58785247802735,92.82627868652344,89.5748291015625,88.44305419921875,105.30462646484375,118.6501235961914,106.20976257324219,93.56938934326172,93.320068359375,81.73429107666016,71.82501220703125,71.26982879638672,71.60467529296875,75.35102844238281,74.14573669433594,76.85468292236328,82.23110961914063,84.93527221679688,88.3395767211914,91.01443481445313,96.04650115966797,98.0517349243164,105.41364288330078,107.54864501953125,97.58869934082031,96.49417114257813,90.89826202392578,88.02560424804688,86.03445434570313,86.48636627197266,86.28108215332031,81.55058288574219,84.20457458496094,81.35919952392578,81.34007263183594,83.05252075195313,80.1231460571289,84.42354583740235,87.13563537597656],"Movement_Rate_List":[0.012744871899485588,0.003508378053084016,0.004385138861835003,0.005566829815506935,0.006802419666200876,0.006358550861477852,0.006987522356212139,0.006552381440997124,0.007612304762005806,0.009212699718773365,0.010278057307004929,0.012411310337483883,0.012376146391034127,0.013363550417125225,0.019732773303985597,0.016152627766132356,0.016885636374354364,0.01775224134325981,0.012862247414886952,0.014534112997353077,0.03633429855108261,0.03971873223781586,0.049083270132541659,0.06042688339948654,0.06585807353258133,0.08122489601373673,0.0987781286239624,0.11132416874170304,0.12411350011825562,0.14395678043365479,0.15272794663906098,0.2039729505777359,0.3147670328617096,0.6726385354995728,0.7500214576721191,0.8942362070083618,0.9628244042396545,1.127717137336731,1.2195180654525757,1.1628886461257935,1.2197459936141968,1.1577911376953126,1.1217806339263917,1.0720614194869996,1.008814811706543,0.938667893409729,0.6875618100166321,0.6053174734115601]}