{"gestureName":"zuoutoyou11","Palm_Movement_List":[0.20890051126480103,0.00007253368676174432,0.0000484283737023361,0.00002746979589574039,0.00008117481775116175,0.00009305423736805096,0.00015997461741790175,0.00016731166397221386,0.00007677265966776758,0.0001113958060159348,0.000022223011910682544,0.00000906149853108218,0.00004740708027384244,0.00003877628478221595,0.00004943753810948692,0.00006230662256712094,0.00007929299317765981,0.00007899326737970114,0.00021019810810685158,0.00012035448162350804,0.0004898562910966575,0.0005977426772005856,0.0005681574111804366,0.00045167721691541374,0.0005961504648439586,0.001444228459149599,0.0008046429720707238,0.003377376589924097,0.0013681259006261826,0.003169755218550563,0.0018459195271134377,0.00204072124324739,0.004713173024356365,0.0026970684994012119,0.0027927947230637075,0.009453767910599709,0.007501308806240559,0.003973143175244331,0.004302319139242172,0.004496269393712282,0.004869213793426752,0.01564975082874298,0.005525370594114065,0.01997014321386814,0.007087737787514925,0.006614414509385824,0.013766806572675705,0.006792702246457338,0.00669995928183198,0.007684645708650351],"Finger_Extension_List":[5.0,5.0,5.0,5.0,5.0,5.0,5.0,5.0,5.0,5.0,5.0,5.0,5.0,5.0,5.0,5.0,5.0,5.0,5.0,5.0,5.0,5.0,5.0,5.0,5.0,5.0,5.0,5.0,5.0,5.0,5.0,5.0,5.0,5.0,5.0,5.0,5.0,5.0,5.0,5.0,5.0,5.0,5.0,5.0,5.0,5.0,5.0,5.0,5.0,5.0],"Palm_Angle_List":[129.94140625,62.98504638671875,64.71758270263672,54.328269958496097,37.73833084106445,67.7754898071289,92.96866607666016,94.94574737548828,94.22975158691406,102.04486846923828,122.9426040649414,130.137451171875,86.97301483154297,95.68997192382813,100.47185516357422,92.31639862060547,97.22245788574219,98.55946350097656,101.75579833984375,98.20005798339844,109.67118072509766,121.98300170898438,126.02543640136719,126.27459716796875,120.9697265625,113.49034881591797,110.6294937133789,111.61111450195313,111.00336456298828,113.69388580322266,114.44908905029297,118.07804107666016,118.46800994873047,117.1717300415039,116.79621887207031,112.541015625,110.84099578857422,104.85572814941406,99.38047790527344,98.62079620361328,97.65252685546875,101.21256256103516,100.5958480834961,92.06971740722656,88.46072387695313,91.70743560791016,93.57709503173828,93.43842315673828,90.95576477050781,83.863037109375],"Movement_Rate_List":[0.002707099076360464,0.003858281532302499,0.005566897336393595,0.0031733931973576547,0.0034924556966871025,0.005456867627799511,0.009886370971798897,0.00871998630464077,0.009184915572404862,0.004834222141653299,0.0025486855302006008,0.0010516986949369312,0.0025007156655192377,0.004490365739911795,0.0056966678239405159,0.007173439953476191,0.009033331647515297,0.008956875652074814,0.012856092303991318,0.014117800630629063,0.0197425689548254,0.023114120587706567,0.036085814237594607,0.05225976184010506,0.06839677691459656,0.08371317386627197,0.09289321303367615,0.1394709050655365,0.15960220992565156,0.19924350082874299,0.21239502727985383,0.23912857472896577,0.2929878532886505,0.30077651143074038,0.3264898955821991,0.3913033902645111,0.42624184489250185,0.47271260619163515,0.4959436058998108,0.5082827210426331,0.5696321129798889,0.5560259222984314,0.681723415851593,0.8024883270263672,0.8182563781738281,0.7620293498039246,0.7841974496841431,0.7496638894081116,0.6138867735862732,0.7543578743934631]}