{"gestureName":"zuoutoyou6","Palm_Movement_List":[0.16735060513019563,0.0004164181009400636,0.0004367578076198697,0.00027545721968635917,0.0002952207869384438,0.0006990956608206034,0.0014717200538143516,0.0011209306539967657,0.0005161816952750087,0.0006008049822412431,0.0013333848910406232,0.0007163219852373004,0.0008153654052875936,0.002013607881963253,0.002196000423282385,0.0010562274837866426,0.0010483927326276899,0.001059097470715642,0.002192057203501463,0.0011914937058463693,0.002861065324395895,0.0018981856992468238,0.004760106094181538,0.007853144779801369,0.004759295377880335,0.005630819592624903,0.006072785705327988,0.007080676965415478,0.025873132050037385,0.012097509577870369,0.01278720609843731,0.03838840499520302,0.013830692507326603,0.013491109944880009,0.025102760642766954,0.01112271100282669,0.030456174165010454,0.008851900696754456,0.023189226165413858,0.010074164718389511,0.00833212211728096,0.005861562676727772,0.004418985452502966,0.0017258385196328164,0.00148537359200418,0.003925710916519165,0.004407107830047607,0.002077538287267089],"Finger_Extension_List":[5.0,5.0,5.0,5.0,5.0,5.0,5.0,5.0,5.0,5.0,5.0,5.0,5.0,5.0,5.0,5.0,5.0,5.0,5.0,5.0,5.0,5.0,5.0,5.0,5.0,5.0,5.0,5.0,5.0,5.0,5.0,5.0,5.0,5.0,5.0,5.0,5.0,5.0,5.0,5.0,5.0,5.0,5.0,5.0,5.0,5.0,5.0,5.0],"Palm_Angle_List":[149.47845458984376,101.78385162353516,105.95929718017578,102.67778778076172,103.90482330322266,102.92018127441406,103.51113891601563,86.68643188476563,73.95384979248047,71.7238998413086,77.40911102294922,74.7664566040039,82.36708068847656,92.7464599609375,98.9276123046875,100.4660873413086,100.9405746459961,97.72030639648438,93.48765563964844,90.65853118896485,96.29991149902344,98.86412811279297,99.10820770263672,100.18913269042969,94.6506118774414,91.08706665039063,94.67417907714844,89.59822845458985,92.9131088256836,90.23818969726563,86.0472183227539,89.80557250976563,86.37116241455078,83.05082702636719,80.3484115600586,79.55827331542969,84.24026489257813,85.03292846679688,86.1114273071289,82.93567657470703,89.3419418334961,96.86723327636719,106.89018249511719,109.25028228759766,121.11347961425781,139.23419189453126,155.9749755859375,113.233154296875],"Movement_Rate_List":[0.021532192826271058,0.025369973853230478,0.025664448738098146,0.031387198716402057,0.0334225632250309,0.0436265766620636,0.06645403057336807,0.06501351296901703,0.06156724691390991,0.06155138462781906,0.07514265924692154,0.07921280711889267,0.09073688089847565,0.10798127949237824,0.12849277257919312,0.12290358543395996,0.12489732354879379,0.13101166486740113,0.12608113884925843,0.14042343199253083,0.1875331848859787,0.20353713631629945,0.2946881651878357,0.5077589154243469,0.5554081201553345,0.6845145225524902,0.6022799611091614,0.8305777311325073,2.084465503692627,1.3471616506576539,1.539514422416687,1.4995733499526978,1.6323254108428956,1.5466129779815674,1.4073716402053834,1.3287193775177003,1.1483314037322999,1.020273208618164,0.7543518543243408,0.5829141139984131,0.4687691926956177,0.32035762071609499,0.2553784251213074,0.19912675023078919,0.1057438924908638,0.1266058385372162,0.17792470753192902,0.15254798531532288]}