{"gestureName":"zuoutoyou2","Palm_Movement_List":[0.18459634482860566,0.00019575876649469137,0.00009230309660779312,0.00012963383051101118,0.00012879687710665166,0.00006674052565358579,0.00013648781168740243,0.0002712347195483744,0.00022824133338872343,0.00013332725211512297,0.0001381351612508297,0.0002945255546364933,0.00017313564603682607,0.0001743058965075761,0.00014645625196862966,0.0003963499912060797,0.00023821899958420545,0.00014093307254370302,0.00013171913451515138,0.00021375040523707867,0.0005122892325744033,0.0008001017267815769,0.0004255672683939338,0.00023678333673160523,0.00026787532260641456,0.00031157388002611697,0.0006347839371301234,0.00030719154165126383,0.0003861600416712463,0.0005620965966954827,0.0016555931651964784,0.004687151871621609,0.0020994003862142565,0.0023520071990787985,0.006597030442208052,0.004467265214771032,0.0054190075024962429,0.006240997929126024,0.022316327318549157,0.028624163940548898,0.021613834425807,0.010832903906702996,0.010027864947915078,0.01909196376800537,0.008668854832649231,0.02216029167175293,0.01709320768713951,0.004645810462534428],"Finger_Extension_List":[5.0,5.0,5.0,5.0,5.0,5.0,5.0,5.0,5.0,5.0,5.0,5.0,5.0,5.0,5.0,5.0,5.0,5.0,5.0,5.0,5.0,5.0,5.0,5.0,5.0,5.0,5.0,5.0,5.0,5.0,5.0,5.0,5.0,5.0,5.0,5.0,5.0,5.0,5.0,5.0,5.0,5.0,5.0,5.0,5.0,5.0,5.0,5.0],"Palm_Angle_List":[149.6114959716797,54.31647491455078,57.13982391357422,45.079410552978519,40.62744140625,29.738643646240236,10.539896965026856,17.4139404296875,27.78508949279785,34.58831024169922,33.277626037597659,29.15567398071289,25.42063331604004,24.761444091796876,20.84832191467285,17.482322692871095,18.984947204589845,17.64287757873535,26.14613914489746,39.270904541015628,53.66258239746094,53.817100524902347,58.91838836669922,81.7067642211914,81.90951538085938,80.26943969726563,83.66568756103516,84.32096099853516,83.88400268554688,86.98509979248047,93.11992645263672,101.46467590332031,97.42304992675781,99.32257843017578,104.42608642578125,92.62324523925781,91.41606140136719,87.94303131103516,92.60334014892578,89.6957015991211,86.53240203857422,85.99493408203125,87.1393814086914,88.6456527709961,85.22779083251953,87.7947769165039,85.93661499023438,91.36978912353516],"Movement_Rate_List":[0.013138574548065663,0.011094344779849053,0.010511449538171292,0.006449453998357058,0.007467476185411215,0.008007833734154702,0.007981215603649617,0.011823644861578942,0.014297235757112503,0.015212561003863812,0.015644695609807969,0.01810031197965145,0.019166847690939904,0.02030893787741661,0.01725836843252182,0.015055045485496521,0.014675372280180455,0.016598807647824289,0.008282805792987347,0.01558258943259716,0.021849868819117547,0.033436957746744159,0.024117695167660714,0.024806896224617959,0.030054159462451936,0.038878198713064197,0.039730776101350787,0.03499168902635574,0.045345306396484378,0.06352809816598892,0.10774989426136017,0.22668051719665528,0.24211768805980683,0.26917004585266116,0.42705273628234866,0.5074713230133057,0.5511044859886169,0.6412856578826904,1.1392019987106324,1.2712633609771729,1.2140922546386719,1.2122766971588135,1.1680680513381959,1.1016194820404053,0.9729360938072205,0.7841099500656128,0.606134831905365,0.5443887710571289]}